date,measure,forecast,previous,source
2025-10-24,cpi_mm,0.4,,investing.com (manual)
2026-01-09,ahe_mm,0.3,,investing.com (manual)
2026-01-09,nfp,66,,investing.com (manual)
2026-01-09,unrate,4.5,,investing.com (manual)
2026-01-13,cpi_yy,2.7,,investing.com (manual)
2026-01-22,core_pce_mm,0.2,,investing.com (manual)
2026-01-30,core_ppi_mm,0.2,,investing.com (manual)
2026-01-30,ppi_mm,0.2,,investing.com (manual)
2026-02-11,ahe_mm,0.3,,investing.com (manual)
2026-02-11,nfp,66,,investing.com (manual)
2026-02-11,unrate,4.4,,investing.com (manual)
2026-02-13,core_cpi_mm,0.3,,investing.com (manual)
2026-02-13,cpi_mm,0.3,,investing.com (manual)
2026-02-13,cpi_yy,2.5,,investing.com (manual)
2026-02-20,core_pce_mm,0.3,,investing.com (manual)
2026-02-27,core_ppi_mm,0.3,,investing.com (manual)
2026-02-27,ppi_mm,0.3,,investing.com (manual)
2026-03-06,ahe_mm,0.3,,investing.com (manual)
2026-03-06,nfp,58,,investing.com (manual)
2026-03-06,unrate,4.3,,investing.com (manual)
2026-03-11,core_cpi_mm,0.2,,investing.com (manual)
2026-03-11,cpi_mm,0.3,,investing.com (manual)
2026-03-11,cpi_yy,2.4,,investing.com (manual)
2026-03-13,core_pce_mm,0.4,,investing.com (manual)
2026-03-18,core_ppi_mm,0.3,,investing.com (manual)
2026-03-18,ppi_mm,0.3,,investing.com (manual)
2026-04-03,ahe_mm,0.3,,investing.com (manual)
2026-04-03,nfp,65,,investing.com (manual)
2026-04-03,unrate,4.4,,investing.com (manual)
2026-04-09,core_pce_mm,0.4,,investing.com (manual)
2026-04-10,core_cpi_mm,0.3,,investing.com (manual)
2026-04-10,cpi_mm,1.0,,investing.com (manual)
2026-04-10,cpi_yy,3.4,,investing.com (manual)
2026-04-14,core_ppi_mm,0.4,,investing.com (manual)
2026-04-14,ppi_mm,1.1,,investing.com (manual)
2026-04-30,core_pce_mm,0.3,,investing.com (manual)
2026-05-08,ahe_mm,0.3,,investing.com (manual)
2026-05-08,nfp,65,,investing.com (manual)
2026-05-08,unrate,4.3,,investing.com (manual)
2026-05-12,core_cpi_mm,0.3,,investing.com (manual)
2026-05-12,cpi_mm,0.6,,investing.com (manual)
2026-05-12,cpi_yy,3.7,,investing.com (manual)
2026-05-13,core_ppi_mm,0.3,,investing.com (manual)
2026-05-13,ppi_mm,0.5,,investing.com (manual)
2026-05-28,core_pce_mm,0.3,,investing.com (manual)
2026-06-05,ahe_mm,0.3,,investing.com (manual)
2026-06-05,nfp,85,,investing.com (manual)
2026-06-05,unrate,4.3,,investing.com (manual)
2026-06-10,core_cpi_mm,0.3,,investing.com (manual)
2026-06-10,cpi_mm,0.5,,investing.com (manual)
2026-06-10,cpi_yy,4.2,,investing.com (manual)
2026-06-11,core_ppi_mm,0.5,,investing.com (manual)
2026-06-11,ppi_mm,0.7,,investing.com (manual)
2026-06-25,core_pce_mm,0.3,,investing.com (manual)
2026-07-02,ahe_mm,0.3,,investing.com (manual)
2026-07-02,nfp,114,,investing.com (manual)
2026-07-02,unrate,4.3,,investing.com (manual)
2026-07-14,core_cpi_mm,0.2,,investing.com (manual)
2026-07-14,cpi_mm,-0.1,,investing.com (manual)
2026-07-14,cpi_yy,3.8,,investing.com (manual)
2026-07-15,core_ppi_mm,0.3,,investing.com (manual)
2026-07-15,ppi_mm,0.0,,investing.com (manual)
2026-07-30,core_pce_mm,0.2,,investing.com (manual)
2026-08-07,ahe_mm,0.3,,investing.com (manual)
2026-08-07,nfp,85,,investing.com (manual)
2026-08-07,unrate,4.2,,investing.com (manual)
2026-08-12,core_cpi_mm,0.2,,investing.com (manual)
2026-08-12,cpi_mm,0.1,,investing.com (manual)
2026-08-12,cpi_yy,3.4,,investing.com (manual)
2026-08-13,core_ppi_mm,0.3,,investing.com (manual)
2026-08-13,ppi_mm,0.2,,investing.com (manual)
2026-08-26,core_pce_mm,0.2,,investing.com (manual)
2026-09-04,ahe_mm,0.3,,investing.com (manual)
2026-09-04,nfp,55,,investing.com (manual)
2026-09-04,unrate,4.1,,investing.com (manual)
2026-09-10,core_ppi_mm,0.3,,investing.com (manual)
2026-09-10,ppi_mm,0.4,,forexfactory.com (manual)
2026-09-11,core_cpi_mm,0.2,,investing.com (manual)
2026-09-11,cpi_mm,0.4,,investing.com (manual)
2026-09-11,cpi_yy,3.4,,investing.com (manual)
2026-09-30,core_pce_mm,0.3,,investing.com (manual)
2026-10-02,nfp,89,,investing.com (manual)
2026-10-02,unrate,4.1,,investing.com (manual)
