asof,meeting,pre,post,move_bp,cum_bp,p_hike,p_hold,p_cut,lo_bp,p_lo,hi_bp,p_hi
2026-09-16,2026-10-28,3.88,4.005,12.5,12.5,0.5,0.5,0.0,0,0.5,25,0.5
2026-09-16,2026-12-09,4.005,4.2023,19.7,32.2,0.7891,0.2109,0.0,0,0.2109,25,0.7891
2026-09-16,2027-01-27,4.2023,4.295,9.3,41.5,0.3709,0.6291,0.0,0,0.6291,25,0.3709
2026-09-16,2027-03-17,4.295,4.4721,17.7,59.2,0.7086,0.2914,0.0,0,0.2914,25,0.7086
2026-09-16,2027-04-28,4.4721,4.55,7.8,67.0,0.3114,0.6886,0.0,0,0.6886,25,0.3114
2026-09-16,2027-06-09,4.55,4.6357,8.6,75.6,0.3429,0.6571,0.0,0,0.6571,25,0.3429
2026-09-16,2027-07-28,4.6357,4.66,2.4,78.0,0.0971,0.9029,0.0,0,0.9029,25,0.0971
2026-09-16,2027-09-15,4.66,4.68,2.0,80.0,0.08,0.92,0.0,0,0.92,25,0.08
2026-09-16,2027-10-27,4.68,4.67,-1.0,79.0,0.0,0.96,0.04,-25,0.04,0,0.96
2026-09-16,2027-12-08,4.67,4.6363,-3.4,75.6,0.0,0.8652,0.1348,-25,0.1348,0,0.8652
2026-09-17,2026-10-28,3.88,4.02,14.0,14.0,0.56,0.44,0.0,0,0.44,25,0.56
2026-09-17,2026-12-09,4.02,4.2102,19.0,33.0,0.7609,0.2391,0.0,0,0.2391,25,0.7609
2026-09-17,2027-01-27,4.2102,4.3,9.0,42.0,0.3591,0.6409,0.0,0,0.6409,25,0.3591
2026-09-17,2027-03-17,4.3,4.4661,16.6,58.6,0.6643,0.3357,0.0,0,0.3357,25,0.6643
2026-09-17,2027-04-28,4.4661,4.525,5.9,64.5,0.2357,0.7643,0.0,0,0.7643,25,0.2357
2026-09-17,2027-06-09,4.525,4.5964,7.1,71.6,0.2857,0.7143,0.0,0,0.7143,25,0.2857
2026-09-17,2027-07-28,4.5964,4.61,1.4,73.0,0.0543,0.9457,0.0,0,0.9457,25,0.0543
2026-09-17,2027-09-15,4.61,4.62,1.0,74.0,0.04,0.96,0.0,0,0.96,25,0.04
2026-09-17,2027-10-27,4.62,4.61,-1.0,73.0,0.0,0.96,0.04,-25,0.04,0,0.96
2026-09-17,2027-12-08,4.61,4.5763,-3.4,69.6,0.0,0.8652,0.1348,-25,0.1348,0,0.8652
2026-09-18,2026-10-28,3.88,4.025,14.5,14.5,0.58,0.42,0.0,0,0.42,25,0.58
2026-09-18,2026-12-09,4.025,4.2223,19.7,34.2,0.7891,0.2109,0.0,0,0.2109,25,0.7891
2026-09-18,2027-01-27,4.2223,4.32,9.8,44.0,0.3909,0.6091,0.0,0,0.6091,25,0.3909
2026-09-18,2027-03-17,4.32,4.4971,17.7,61.7,0.7086,0.2914,0.0,0,0.2914,25,0.7086
2026-09-18,2027-04-28,4.4971,4.56,6.3,68.0,0.2514,0.7486,0.0,0,0.7486,25,0.2514
2026-09-18,2027-06-09,4.56,4.6386,7.9,75.9,0.3143,0.6857,0.0,0,0.6857,25,0.3143
2026-09-18,2027-07-28,4.6386,4.665,2.6,78.5,0.1057,0.8943,0.0,0,0.8943,25,0.1057
2026-09-18,2027-09-15,4.665,4.685,2.0,80.5,0.08,0.92,0.0,0,0.92,25,0.08
2026-09-18,2027-10-27,4.685,4.67,-1.5,79.0,0.0,0.94,0.06,-25,0.06,0,0.94
2026-09-18,2027-12-08,4.67,4.643,-2.7,76.3,0.0,0.8922,0.1078,-25,0.1078,0,0.8922
2026-09-21,2026-10-28,3.88,4.025,14.5,14.5,0.58,0.42,0.0,0,0.42,25,0.58
2026-09-21,2026-12-09,4.025,4.2223,19.7,34.2,0.7891,0.2109,0.0,0,0.2109,25,0.7891
2026-09-21,2027-01-27,4.2223,4.32,9.8,44.0,0.3909,0.6091,0.0,0,0.6091,25,0.3909
2026-09-21,2027-03-17,4.32,4.4971,17.7,61.7,0.7086,0.2914,0.0,0,0.2914,25,0.7086
2026-09-21,2027-04-28,4.4971,4.565,6.8,68.5,0.2714,0.7286,0.0,0,0.7286,25,0.2714
2026-09-21,2027-06-09,4.565,4.6436,7.9,76.4,0.3143,0.6857,0.0,0,0.6857,25,0.3143
2026-09-21,2027-07-28,4.6436,4.67,2.6,79.0,0.1057,0.8943,0.0,0,0.8943,25,0.1057
2026-09-21,2027-09-15,4.67,4.69,2.0,81.0,0.08,0.92,0.0,0,0.92,25,0.08
2026-09-21,2027-10-27,4.69,4.675,-1.5,79.5,0.0,0.94,0.06,-25,0.06,0,0.94
2026-09-21,2027-12-08,4.675,4.648,-2.7,76.8,0.0,0.8922,0.1078,-25,0.1078,0,0.8922
2026-09-22,2026-10-28,3.88,4.02,14.0,14.0,0.56,0.44,0.0,0,0.44,25,0.56
2026-09-22,2026-12-09,4.02,4.2173,19.7,33.7,0.7891,0.2109,0.0,0,0.2109,25,0.7891
2026-09-22,2027-01-27,4.2173,4.32,10.3,44.0,0.4109,0.5891,0.0,0,0.5891,25,0.4109
2026-09-22,2027-03-17,4.32,4.4861,16.6,60.6,0.6643,0.3357,0.0,0,0.3357,25,0.6643
2026-09-22,2027-04-28,4.4861,4.56,7.4,68.0,0.2957,0.7043,0.0,0,0.7043,25,0.2957
2026-09-22,2027-06-09,4.56,4.6386,7.9,75.9,0.3143,0.6857,0.0,0,0.6857,25,0.3143
2026-09-22,2027-07-28,4.6386,4.665,2.6,78.5,0.1057,0.8943,0.0,0,0.8943,25,0.1057
2026-09-22,2027-09-15,4.665,4.685,2.0,80.5,0.08,0.92,0.0,0,0.92,25,0.08
2026-09-22,2027-10-27,4.685,4.675,-1.0,79.5,0.0,0.96,0.04,-25,0.04,0,0.96
2026-09-22,2027-12-08,4.675,4.648,-2.7,76.8,0.0,0.8922,0.1078,-25,0.1078,0,0.8922
2026-09-23,2026-10-28,3.88,4.055,17.5,17.5,0.7,0.3,0.0,0,0.3,25,0.7
2026-09-23,2026-12-09,4.055,4.2523,19.7,37.2,0.7891,0.2109,0.0,0,0.2109,25,0.7891
2026-09-23,2027-01-27,4.2523,4.375,12.3,49.5,0.4909,0.5091,0.0,0,0.5091,25,0.4909
2026-09-23,2027-03-17,4.375,4.5521,17.7,67.2,0.7086,0.2914,0.0,0,0.2914,25,0.7086
2026-09-23,2027-04-28,4.5521,4.64,8.8,76.0,0.3514,0.6486,0.0,0,0.6486,25,0.3514
2026-09-23,2027-06-09,4.64,4.74,10.0,86.0,0.4,0.6,0.0,0,0.6,25,0.4
2026-09-23,2027-07-28,4.74,4.78,4.0,90.0,0.16,0.84,0.0,0,0.84,25,0.16
2026-09-23,2027-09-15,4.78,4.82,4.0,94.0,0.16,0.84,0.0,0,0.84,25,0.16
2026-09-23,2027-10-27,4.82,4.825,0.5,94.5,0.02,0.98,0.0,0,0.98,25,0.02
2026-09-23,2027-12-08,4.825,4.8048,-2.0,92.5,0.0,0.9191,0.0809,-25,0.0809,0,0.9191
2026-09-24,2026-10-28,3.88,4.05,17.0,17.0,0.68,0.32,0.0,0,0.32,25,0.68
2026-09-24,2026-12-09,4.05,4.2543,20.4,37.4,0.8173,0.1827,0.0,0,0.1827,25,0.8173
2026-09-24,2027-01-27,4.2543,4.375,12.1,49.5,0.4827,0.5173,0.0,0,0.5173,25,0.4827
2026-09-24,2027-03-17,4.375,4.5632,18.8,68.3,0.7529,0.2471,0.0,0,0.2471,25,0.7529
2026-09-24,2027-04-28,4.5632,4.65,8.7,77.0,0.3471,0.6529,0.0,0,0.6529,25,0.3471
2026-09-24,2027-06-09,4.65,4.75,10.0,87.0,0.4,0.6,0.0,0,0.6,25,0.4
2026-09-24,2027-07-28,4.75,4.785,3.5,90.5,0.14,0.86,0.0,0,0.86,25,0.14
2026-09-24,2027-09-15,4.785,4.815,3.0,93.5,0.12,0.88,0.0,0,0.88,25,0.12
2026-09-24,2027-10-27,4.815,4.82,0.5,94.0,0.02,0.98,0.0,0,0.98,25,0.02
2026-09-24,2027-12-08,4.82,4.7998,-2.0,92.0,0.0,0.9191,0.0809,-25,0.0809,0,0.9191
2026-09-25,2026-10-28,3.88,4.035,15.5,15.5,0.62,0.38,0.0,0,0.38,25,0.62
2026-09-25,2026-12-09,4.035,4.2393,20.4,35.9,0.8173,0.1827,0.0,0,0.1827,25,0.8173
2026-09-25,2027-01-27,4.2393,4.36,12.1,48.0,0.4827,0.5173,0.0,0,0.5173,25,0.4827
2026-09-25,2027-03-17,4.36,4.5371,17.7,65.7,0.7086,0.2914,0.0,0,0.2914,25,0.7086
2026-09-25,2027-04-28,4.5371,4.62,8.3,74.0,0.3314,0.6686,0.0,0,0.6686,25,0.3314
2026-09-25,2027-06-09,4.62,4.7129,9.3,83.3,0.3714,0.6286,0.0,0,0.6286,25,0.3714
2026-09-25,2027-07-28,4.7129,4.745,3.2,86.5,0.1286,0.8714,0.0,0,0.8714,25,0.1286
2026-09-25,2027-09-15,4.745,4.775,3.0,89.5,0.12,0.88,0.0,0,0.88,25,0.12
2026-09-25,2027-10-27,4.775,4.775,0.0,89.5,0.0,1.0,0.0,0,1.0,25,0.0
2026-09-25,2027-12-08,4.775,4.7548,-2.0,87.5,0.0,0.9191,0.0809,-25,0.0809,0,0.9191
2026-09-28,2026-10-28,3.88,4.055,17.5,17.5,0.7,0.3,0.0,0,0.3,25,0.7
2026-09-28,2026-12-09,4.055,4.2664,21.1,38.6,0.8455,0.1545,0.0,0,0.1545,25,0.8455
2026-09-28,2027-01-27,4.2664,4.4,13.4,52.0,0.5345,0.4655,0.0,0,0.4655,25,0.5345
2026-09-28,2027-03-17,4.4,4.5882,18.8,70.8,0.7529,0.2471,0.0,0,0.2471,25,0.7529
2026-09-28,2027-04-28,4.5882,4.68,9.2,80.0,0.3671,0.6329,0.0,0,0.6329,25,0.3671
2026-09-28,2027-06-09,4.68,4.78,10.0,90.0,0.4,0.6,0.0,0,0.6,25,0.4
2026-09-28,2027-07-28,4.78,4.815,3.5,93.5,0.14,0.86,0.0,0,0.86,25,0.14
2026-09-28,2027-09-15,4.815,4.845,3.0,96.5,0.12,0.88,0.0,0,0.88,25,0.12
2026-09-28,2027-10-27,4.845,4.845,0.0,96.5,0.0,1.0,0.0,0,1.0,25,0.0
2026-09-28,2027-12-08,4.845,4.8248,-2.0,94.5,0.0,0.9191,0.0809,-25,0.0809,0,0.9191
2026-09-29,2026-10-28,3.88,4.005,12.5,12.5,0.5,0.5,0.0,0,0.5,25,0.5
2026-09-29,2026-12-09,4.005,4.2164,21.1,33.6,0.8455,0.1545,0.0,0,0.1545,25,0.8455
2026-09-29,2027-01-27,4.2164,4.35,13.4,47.0,0.5345,0.4655,0.0,0,0.4655,25,0.5345
2026-09-29,2027-03-17,4.35,4.5382,18.8,65.8,0.7529,0.2471,0.0,0,0.2471,25,0.7529
2026-09-29,2027-04-28,4.5382,4.635,9.7,75.5,0.3871,0.6129,0.0,0,0.6129,25,0.3871
2026-09-29,2027-06-09,4.635,4.7421,10.7,86.2,0.4286,0.5714,0.0,0,0.5714,25,0.4286
2026-09-29,2027-07-28,4.7421,4.785,4.3,90.5,0.1714,0.8286,0.0,0,0.8286,25,0.1714
2026-09-29,2027-09-15,4.785,4.815,3.0,93.5,0.12,0.88,0.0,0,0.88,25,0.12
2026-09-29,2027-10-27,4.815,4.815,0.0,93.5,0.0,1.0,0.0,0,1.0,25,0.0
2026-09-29,2027-12-08,4.815,4.788,-2.7,90.8,0.0,0.8922,0.1078,-25,0.1078,0,0.8922
2026-09-30,2026-10-28,3.88,3.975,9.5,9.5,0.38,0.62,0.0,0,0.62,25,0.38
2026-09-30,2026-12-09,3.975,4.1864,21.1,30.6,0.8455,0.1545,0.0,0,0.1545,25,0.8455
2026-09-30,2027-01-27,4.1864,4.315,12.9,43.5,0.5145,0.4855,0.0,0,0.4855,25,0.5145
2026-09-30,2027-03-17,4.315,4.5143,19.9,63.4,0.7971,0.2029,0.0,0,0.2029,25,0.7971
2026-09-30,2027-04-28,4.5143,4.615,10.1,73.5,0.4029,0.5971,0.0,0,0.5971,25,0.4029
2026-09-30,2027-06-09,4.615,4.7293,11.4,84.9,0.4571,0.5429,0.0,0,0.5429,25,0.4571
2026-09-30,2027-07-28,4.7293,4.775,4.6,89.5,0.1829,0.8171,0.0,0,0.8171,25,0.1829
2026-09-30,2027-09-15,4.775,4.815,4.0,93.5,0.16,0.84,0.0,0,0.84,25,0.16
2026-09-30,2027-10-27,4.815,4.82,0.5,94.0,0.02,0.98,0.0,0,0.98,25,0.02
2026-09-30,2027-12-08,4.82,4.793,-2.7,91.3,0.0,0.8922,0.1078,-25,0.1078,0,0.8922
2026-10-01,2026-10-28,3.88,3.94,6.0,6.0,0.24,0.76,0.0,0,0.76,25,0.24
2026-10-01,2026-12-09,3.94,4.1232,18.3,24.3,0.7327,0.2673,0.0,0,0.2673,25,0.7327
2026-10-01,2027-01-27,4.1232,4.215,9.2,33.5,0.3673,0.6327,0.0,0,0.6327,25,0.3673
2026-10-01,2027-03-17,4.215,4.3811,16.6,50.1,0.6643,0.3357,0.0,0,0.3357,25,0.6643
2026-10-01,2027-04-28,4.3811,4.47,8.9,59.0,0.3557,0.6443,0.0,0,0.6443,25,0.3557
2026-10-01,2027-06-09,4.47,4.5771,10.7,69.7,0.4286,0.5714,0.0,0,0.5714,25,0.4286
2026-10-01,2027-07-28,4.5771,4.625,4.8,74.5,0.1914,0.8086,0.0,0,0.8086,25,0.1914
2026-10-01,2027-09-15,4.625,4.675,5.0,79.5,0.2,0.8,0.0,0,0.8,25,0.2
2026-10-01,2027-10-27,4.675,4.68,0.5,80.0,0.02,0.98,0.0,0,0.98,25,0.02
2026-10-01,2027-12-08,4.68,4.6598,-2.0,78.0,0.0,0.9191,0.0809,-25,0.0809,0,0.9191
2026-10-02,2026-10-28,3.88,3.93,5.0,5.0,0.2,0.8,0.0,0,0.8,25,0.2
2026-10-02,2026-12-09,3.93,4.1343,20.4,25.4,0.8173,0.1827,0.0,0,0.1827,25,0.8173
2026-10-02,2027-01-27,4.1343,4.23,9.6,35.0,0.3827,0.6173,0.0,0,0.6173,25,0.3827
2026-10-02,2027-03-17,4.23,4.4182,18.8,53.8,0.7529,0.2471,0.0,0,0.2471,25,0.7529
2026-10-02,2027-04-28,4.4182,4.515,9.7,63.5,0.3871,0.6129,0.0,0,0.6129,25,0.3871
2026-10-02,2027-06-09,4.515,4.6293,11.4,74.9,0.4571,0.5429,0.0,0,0.5429,25,0.4571
2026-10-02,2027-07-28,4.6293,4.675,4.6,79.5,0.1829,0.8171,0.0,0,0.8171,25,0.1829
2026-10-02,2027-09-15,4.675,4.725,5.0,84.5,0.2,0.8,0.0,0,0.8,25,0.2
2026-10-02,2027-10-27,4.725,4.73,0.5,85.0,0.02,0.98,0.0,0,0.98,25,0.02
2026-10-02,2027-12-08,4.73,4.7098,-2.0,83.0,0.0,0.9191,0.0809,-25,0.0809,0,0.9191
2026-10-05,2026-10-28,3.88,3.935,5.5,5.5,0.22,0.78,0.0,0,0.78,25,0.22
2026-10-05,2026-12-09,3.935,4.1464,21.1,26.6,0.8455,0.1545,0.0,0,0.1545,25,0.8455
2026-10-05,2027-01-27,4.1464,4.245,9.9,36.5,0.3945,0.6055,0.0,0,0.6055,25,0.3945
2026-10-05,2027-03-17,4.245,4.4221,17.7,54.2,0.7086,0.2914,0.0,0,0.2914,25,0.7086
2026-10-05,2027-04-28,4.4221,4.525,10.3,64.5,0.4114,0.5886,0.0,0,0.5886,25,0.4114
2026-10-05,2027-06-09,4.525,4.6393,11.4,75.9,0.4571,0.5429,0.0,0,0.5429,25,0.4571
2026-10-05,2027-07-28,4.6393,4.685,4.6,80.5,0.1829,0.8171,0.0,0,0.8171,25,0.1829
2026-10-05,2027-09-15,4.685,4.735,5.0,85.5,0.2,0.8,0.0,0,0.8,25,0.2
2026-10-05,2027-10-27,4.735,4.74,0.5,86.0,0.02,0.98,0.0,0,0.98,25,0.02
2026-10-05,2027-12-08,4.74,4.7265,-1.3,84.7,0.0,0.9461,0.0539,-25,0.0539,0,0.9461
2026-10-06,2026-10-28,3.88,3.93,5.0,5.0,0.2,0.8,0.0,0,0.8,25,0.2
2026-10-06,2026-12-09,3.93,4.1343,20.4,25.4,0.8173,0.1827,0.0,0,0.1827,25,0.8173
2026-10-06,2027-01-27,4.1343,4.235,10.1,35.5,0.4027,0.5973,0.0,0,0.5973,25,0.4027
2026-10-06,2027-03-17,4.235,4.4121,17.7,53.2,0.7086,0.2914,0.0,0,0.2914,25,0.7086
2026-10-06,2027-04-28,4.4121,4.505,9.3,62.5,0.3714,0.6286,0.0,0,0.6286,25,0.3714
2026-10-06,2027-06-09,4.505,4.6121,10.7,73.2,0.4286,0.5714,0.0,0,0.5714,25,0.4286
2026-10-06,2027-07-28,4.6121,4.65,3.8,77.0,0.1514,0.8486,0.0,0,0.8486,25,0.1514
2026-10-06,2027-09-15,4.65,4.69,4.0,81.0,0.16,0.84,0.0,0,0.84,25,0.16
2026-10-06,2027-10-27,4.69,4.7,1.0,82.0,0.04,0.96,0.0,0,0.96,25,0.04
2026-10-06,2027-12-08,4.7,4.6865,-1.3,80.7,0.0,0.9461,0.0539,-25,0.0539,0,0.9461
2026-10-07,2026-10-28,3.88,3.925,4.5,4.5,0.18,0.82,0.0,0,0.82,25,0.18
2026-10-07,2026-12-09,3.925,4.1293,20.4,24.9,0.8173,0.1827,0.0,0,0.1827,25,0.8173
2026-10-07,2027-01-27,4.1293,4.225,9.6,34.5,0.3827,0.6173,0.0,0,0.6173,25,0.3827
2026-10-07,2027-03-17,4.225,4.38,15.5,50.0,0.62,0.38,0.0,0,0.38,25,0.62
2026-10-07,2027-04-28,4.38,4.475,9.5,59.5,0.38,0.62,0.0,0,0.62,25,0.38
2026-10-07,2027-06-09,4.475,4.575,10.0,69.5,0.4,0.6,0.0,0,0.6,25,0.4
2026-10-07,2027-07-28,4.575,4.615,4.0,73.5,0.16,0.84,0.0,0,0.84,25,0.16
2026-10-07,2027-09-15,4.615,4.655,4.0,77.5,0.16,0.84,0.0,0,0.84,25,0.16
2026-10-07,2027-10-27,4.655,4.665,1.0,78.5,0.04,0.96,0.0,0,0.96,25,0.04
2026-10-07,2027-12-08,4.665,4.6448,-2.0,76.5,0.0,0.9191,0.0809,-25,0.0809,0,0.9191
