asof,effr,next_meeting,next_move_bp,next_p_hike,next_p_cut,yearend_meeting,cum_yearend_bp,implied_6m,cum_6m_bp,implied_12m,cum_12m_bp
2026-09-16,3.88,2026-10-28,12.5,0.5,0.0,2026-12-09,32.2,4.375,49.5,4.67,79.0
2026-09-17,3.88,2026-10-28,14.0,0.56,0.0,2026-12-09,33.0,4.375,49.5,4.615,73.5
2026-09-18,3.88,2026-10-28,14.5,0.58,0.0,2026-12-09,34.2,4.4,52.0,4.675,79.5
2026-09-21,3.88,2026-10-28,14.5,0.58,0.0,2026-12-09,34.2,4.4,52.0,4.68,80.0
2026-09-22,3.88,2026-10-28,14.0,0.56,0.0,2026-12-09,33.7,4.395,51.5,4.675,79.5
2026-09-23,3.88,2026-10-28,17.5,0.7,0.0,2026-12-09,37.2,4.455,57.5,4.8,92.0
2026-09-24,3.88,2026-10-28,17.0,0.68,0.0,2026-12-09,37.4,4.46,58.0,4.8,92.0
2026-09-25,3.88,2026-10-28,15.5,0.62,0.0,2026-12-09,35.9,4.44,56.0,4.76,88.0
2026-09-28,3.88,2026-10-28,17.5,0.7,0.0,2026-12-09,38.6,4.485,60.5,4.83,95.0
2026-09-29,3.88,2026-10-28,12.5,0.5,0.0,2026-12-09,33.6,4.435,55.5,4.8,92.0
2026-09-30,3.88,2026-10-28,9.5,0.38,0.0,2026-12-09,30.6,4.405,52.5,4.795,91.5
2026-10-01,3.88,2026-10-28,6.0,0.24,0.0,2026-12-09,24.3,4.385,50.5,4.67,79.0
2026-10-02,3.88,2026-10-28,5.0,0.2,0.0,2026-12-09,25.4,4.42,54.0,4.72,84.0
2026-10-05,3.88,2026-10-28,5.5,0.22,0.0,2026-12-09,26.6,4.435,55.5,4.715,83.5
