date,core_pce,pce,cpi,core_cpi,cpi_goods,cpi_shelter,cpi_supercore,cpi_food,cpi_energy,ppi,core_ppi,payems,unrate,civpart,ahe,jolts,sahm,cpi_oer,cpi_rent,cpi_medsvc,cpi_transvc,cpi_airfare,cpi_usedcars,eci_wag,atl_wage
2000-01-01,74.306,72.961,169.3,179.3,144.300,190.600,198.900,165.6,115.0,,,131011,4.0,67.3,,,-0.03,196.000,180.900,260.100,193.400,221.800,153.900,,4.9
2000-02-01,74.415,73.191,170.0,179.4,144.300,190.900,199.500,166.2,118.8,,,131120,4.1,67.3,,,0.00,196.500,181.300,261.300,193.600,230.200,153.000,,4.8
2000-03-01,74.568,73.505,171.0,180.0,144.600,191.600,200.100,166.5,124.3,,,131604,4.0,67.3,,,0.00,196.900,181.900,262.600,194.400,240.700,153.000,,4.8
2000-04-01,74.617,73.444,170.9,180.3,144.900,191.900,200.700,166.7,120.9,,,131884,3.8,67.3,,,-0.03,197.300,182.300,263.400,194.700,239.500,154.000,,4.9
2000-05-01,74.697,73.505,171.2,180.7,144.900,192.400,201.300,167.3,120.0,,,132105,4.0,67.1,,,0.00,197.800,182.800,264.300,195.500,241.300,155.400,,4.9
2000-06-01,74.754,73.754,172.2,181.1,144.700,193.100,202.400,167.4,126.8,,,132063,4.0,67.1,,,-0.03,198.400,183.400,265.600,196.000,245.000,155.700,,5.0
2000-07-01,74.925,73.939,172.7,181.5,144.900,193.600,203.400,168.3,127.3,,,132228,4.0,66.9,,,0.03,198.800,184.100,266.600,196.100,246.800,155.300,,5.1
2000-08-01,75.021,73.934,172.7,181.9,144.800,194.100,204.200,168.7,123.8,,,132234,4.1,66.9,,,0.03,199.300,184.800,267.900,197.500,250.400,155.200,,5.2
2000-09-01,75.203,74.252,173.6,182.3,145.200,194.700,205.100,168.9,129.2,,,132337,3.9,66.9,,,0.00,199.900,185.400,269.000,197.800,244.900,156.200,,5.2
2000-10-01,75.308,74.353,173.9,182.6,144.900,195.300,205.900,169.0,129.6,,,132352,3.9,66.8,,,-0.03,200.500,186.100,269.900,197.200,236.300,157.900,,5.2
2000-11-01,75.441,74.457,174.2,183.1,145.400,195.800,206.200,169.2,129.2,,,132556,3.9,66.9,,,-0.03,201.000,186.700,270.400,198.200,238.000,159.300,,5.4
2000-12-01,75.515,74.571,174.6,183.3,145.300,196.100,207.600,170.0,130.1,,,132716,3.9,67.0,,5088,0.03,201.600,187.400,271.300,198.700,238.200,160.200,,5.3
2001-01-01,75.796,74.932,175.6,183.9,145.500,196.800,210.300,170.3,135.0,,,132703,4.2,67.2,,5234,0.13,202.200,188.000,273.000,199.700,239.000,160.400,87.6,5.3
2001-02-01,75.93,75.048,176.0,184.4,145.600,197.500,210.700,171.2,134.1,,,132788,4.2,67.1,,5097,0.20,202.800,188.700,274.100,200.300,242.000,160.400,,5.3
2001-03-01,76.009,75.055,176.1,184.7,145.500,198.300,210.900,171.7,131.7,,,132751,4.3,67.2,,4762,0.30,203.600,189.500,275.200,199.700,238.600,159.900,,5.3
2001-04-01,76.13,75.187,176.4,185.1,145.500,198.800,211.200,172.1,132.3,,,132458,4.4,66.9,,4615,0.40,204.300,190.200,276.300,199.800,235.500,159.700,88.4,5.2
2001-05-01,76.148,75.385,177.3,185.3,145.100,199.600,211.900,172.4,138.4,,,132408,4.3,66.7,,4425,0.47,205.100,191.100,277.200,200.100,237.500,159.100,,5.0
2001-06-01,76.318,75.518,177.7,186.0,145.200,200.500,212.700,173.1,136.9,,,132300,4.5,66.7,,4361,0.53,205.900,191.800,278.200,201.600,249.300,158.900,,5.1
2001-07-01,76.515,75.493,177.4,186.4,145.600,200.900,212.800,173.6,129.6,,,132172,4.6,66.8,,4447,0.53,206.500,192.500,278.700,202.000,248.800,158.300,89.2,5.1
2001-08-01,76.553,75.484,177.4,186.7,144.900,201.800,213.100,174.0,127.3,,,132021,4.9,66.5,,4024,0.70,207.400,193.200,280.400,202.700,244.300,158.000,,5.3
2001-09-01,76.118,75.227,178.1,187.1,145.200,202.000,213.200,174.2,130.9,,,131763,5.0,66.8,,4071,0.83,208.100,194.000,281.300,203.300,242.500,157.300,,5.1
2001-10-01,76.654,75.492,177.6,187.4,145.000,202.500,213.100,174.8,122.9,,,131452,5.3,66.7,,3707,1.13,209.000,194.700,282.500,203.700,236.400,157.800,90.0,5.1
2001-11-01,76.81,75.441,177.5,188.1,145.400,203.500,213.600,174.9,116.9,,,131144,5.5,66.7,,3775,1.40,209.900,195.400,283.700,204.500,230.000,157.400,,5.0
2001-12-01,76.828,75.363,177.4,188.4,145.000,204.300,213.900,174.7,113.9,,,130983,5.7,66.7,,3677,1.63,210.700,196.200,284.500,204.900,229.000,157.200,,5.0
2002-01-01,76.871,75.431,177.7,188.7,144.400,205.100,214.300,175.3,114.2,,,130859,5.7,66.5,,3699,1.60,211.400,196.800,286.300,205.900,236.700,155.600,90.7,4.8
2002-02-01,77.018,75.558,178.0,189.1,144.200,206.000,214.500,175.7,113.5,,,130737,5.7,66.8,,3436,1.50,212.000,197.500,286.900,206.700,235.300,153.900,,4.6
2002-03-01,77.11,75.763,178.5,189.2,143.800,206.300,215.100,176.1,117.6,,,130722,5.7,66.6,,3612,1.37,212.700,198.100,288.100,207.300,233.300,152.100,,4.5
2002-04-01,77.325,76.08,179.3,189.7,144.100,207.000,215.700,176.4,121.5,,,130616,5.9,66.7,,3471,1.40,213.400,198.500,289.600,208.000,234.500,151.800,91.6,4.3
2002-05-01,77.411,76.13,179.5,190.0,143.800,207.400,216.500,175.8,121.9,,,130632,5.8,66.7,,3457,1.43,213.900,198.900,291.000,208.700,237.700,151.800,,4.4
2002-06-01,77.534,76.225,179.6,190.2,143.800,207.800,216.800,175.9,121.6,,,130674,5.8,66.6,,3412,1.40,214.500,199.500,291.600,208.600,231.300,152.200,,4.2
2002-07-01,77.692,76.393,180.0,190.5,143.700,208.200,217.700,176.1,122.4,,,130584,5.8,66.5,,3367,1.33,215.100,200.000,293.700,208.800,227.500,152.700,92.0,4.1
2002-08-01,77.845,76.543,180.5,191.1,143.900,208.900,218.600,176.1,123.1,,,130581,5.7,66.6,,3517,1.13,215.500,200.300,294.700,210.000,230.200,153.400,,4.0
2002-09-01,77.972,76.681,180.8,191.3,143.700,209.400,219.200,176.5,123.7,,,130502,5.7,66.7,,3301,0.90,216.200,200.800,295.700,210.300,228.700,152.200,,3.9
2002-10-01,78.038,76.821,181.2,191.5,143.300,209.700,220.000,176.4,126.9,,,130617,5.7,66.6,,3479,0.57,216.700,201.300,297.700,210.900,225.700,150.700,92.3,3.8
2002-11-01,78.114,76.897,181.5,191.9,143.000,210.400,220.500,176.9,126.7,,,130616,5.9,66.4,,3514,0.43,217.200,201.900,299.200,211.800,227.800,148.800,,3.5
2002-12-01,78.187,76.971,181.8,192.1,142.700,210.800,221.300,177.1,127.1,,,130465,6.0,66.3,,3169,0.30,217.700,202.400,300.300,212.500,230.000,148.500,,3.6
2003-01-01,78.24,77.201,182.600,192.400,142.400,211.500,222.000,177.100,133.500,,,130573,5.8,66.4,,3441,0.23,218.300,203.200,300.900,213.100,228.700,148.300,93.3,3.7
2003-02-01,78.348,77.526,183.600,192.5,142.100,211.600,223.000,178.1,140.800,,,130441,5.9,66.4,,3229,0.20,218.600,203.500,301.400,213.600,228.500,148.400,,3.9
2003-03-01,78.474,77.725,183.900,192.5,141.800,211.500,224.800,178.400,143.900,,,130235,5.9,66.3,,3099,0.13,218.900,204.000,301.600,214.400,230.700,148.500,,3.7
2003-04-01,78.561,77.593,183.200,192.5,141.600,211.600,225.200,178.500,136.500,,,130173,6.0,66.4,,3108,0.13,219.000,204.500,302.400,215.200,229.400,148.400,93.8,3.5
2003-05-01,78.674,77.504,182.900,192.9,141.100,212.600,226.000,178.8,129.400,,,130197,6.1,66.4,,3289,0.20,219.300,205.000,303.900,216.000,230.000,147.900,,3.5
2003-06-01,78.718,77.588,183.100,193.0,141.100,212.600,226.500,179.700,129.800,,,130186,6.3,66.5,,3390,0.40,219.300,205.300,305.100,216.600,231.300,147.400,,3.7
2003-07-01,78.915,77.816,183.700,193.4,141.100,213.200,227.100,179.8,132.200,,,130184,6.2,66.2,,2981,0.47,219.800,205.800,306.300,217.100,232.600,145.700,94.7,3.7
2003-08-01,79.004,78.079,184.5,193.6,140.800,213.600,227.500,180.5,137.8,,,130153,6.1,66.1,,3190,0.47,220.200,206.200,307.300,217.100,233.400,143.300,,3.6
2003-09-01,79.114,78.323,185.100,193.7,140.200,214.000,228.400,180.900,142.900,,,130252,6.1,66.1,,3091,0.37,220.700,206.700,308.900,217.200,233.200,139.000,,3.5
2003-10-01,79.26,78.333,184.9,194.0,139.700,214.700,228.800,181.6,137.800,,,130439,6.0,66.1,,3305,0.30,221.300,206.900,309.800,218.800,234.300,135.100,95.2,3.4
2003-11-01,79.368,78.432,185.000,194.0,139.400,215.100,228.600,182.600,136.900,,,130480,5.8,66.1,,3324,0.23,221.800,207.400,311.300,218.500,232.500,132.000,,3.3
2003-12-01,79.467,78.605,185.500,194.200,139.300,215.500,229.200,183.5,138.800,,,130589,5.7,65.9,,3414,0.03,222.000,207.700,312.900,218.200,230.400,131.000,,3.3
2004-01-01,79.671,78.909,186.300,194.600,139.300,215.900,230.200,183.400,143.900,,,130756,5.7,66.1,,3424,-0.10,222.400,208.100,314.000,219.500,232.500,131.800,95.7,3.4
2004-02-01,79.8,79.077,186.700,194.9,139.400,215.800,231.000,183.900,145.800,,,130821,5.6,66.0,,3532,-0.10,222.800,208.600,315.600,219.700,232.400,131.800,,3.4
2004-03-01,79.934,79.199,187.100,195.5,139.600,217.000,231.300,184.2,145.100,,,131140,5.8,66.0,,3525,0.00,223.300,209.100,317.200,219.900,231.700,131.800,,3.4
2004-04-01,80.142,79.346,187.400,195.9,139.600,217.800,231.800,184.600,143.400,,,131412,5.6,65.9,,3511,0.00,224.000,209.700,318.400,220.000,230.800,131.600,96.4,3.4
2004-05-01,80.252,79.604,188.200,196.2,139.700,218.500,232.200,186.100,147.600,,,131697,5.6,66.0,,3710,0.00,224.400,210.300,319.400,219.700,227.200,131.800,,3.4
2004-06-01,80.379,79.831,188.900,196.600,139.600,218.900,233.400,186.400,151.500,,,131794,5.6,66.1,,3337,-0.03,224.900,210.900,320.800,219.900,224.900,129.900,,3.3
2004-07-01,80.474,79.905,189.100,196.8,139.300,219.300,234.000,186.800,151.100,,,131854,5.5,66.1,,3814,-0.03,225.300,211.400,322.100,220.500,223.500,130.900,97.2,3.4
2004-08-01,80.505,79.946,189.200,196.9,139.000,219.600,234.500,187.000,151.500,,,131939,5.4,66.0,,3541,-0.07,225.800,212.000,323.400,220.700,220.400,132.000,,3.5
2004-09-01,80.656,80.104,189.800,197.5,139.400,220.400,234.900,186.900,152.900,,,132089,5.4,65.8,,3821,-0.07,226.100,212.500,324.500,220.400,220.700,135.500,,3.7
2004-10-01,80.831,80.448,190.8,197.9,139.800,220.700,235.000,187.800,158.600,,,132429,5.5,65.9,,3943,0.00,226.400,212.800,325.700,221.300,223.800,136.700,97.7,3.7
2004-11-01,81.005,80.758,191.700,198.3,140.200,220.900,236.700,188.400,163.800,,,132503,5.4,66.0,,3472,0.00,226.700,213.100,326.800,222.600,230.900,137.700,,3.7
2004-12-01,81.109,80.801,191.700,198.600,140.100,221.300,237.400,188.400,162.300,,,132630,5.4,65.9,,4074,0.00,227.100,213.700,328.300,222.300,227.900,138.400,,3.6
2005-01-01,81.401,80.907,191.600,199.0,140.400,221.700,237.800,188.700,157.200,,,132781,5.3,65.8,,3804,-0.10,227.700,214.300,329.700,222.500,224.900,138.600,98.3,3.7
2005-02-01,81.536,81.132,192.400,199.400,140.300,222.500,238.400,188.600,161.800,,,133034,5.4,65.9,,3965,0.00,228.300,214.900,331.300,222.800,225.000,138.400,,3.6
2005-03-01,81.737,81.375,193.100,200.100,140.300,223.700,239.200,189.100,163.500,,,133154,5.2,65.9,,4044,-0.07,228.700,215.400,332.900,223.600,228.600,138.300,,3.6
2005-04-01,81.831,81.603,193.700,200.200,140.200,223.700,240.600,190.400,166.700,,,133520,5.2,66.1,,4159,0.00,229.000,216.000,334.200,224.500,233.900,138.400,98.8,3.5
2005-05-01,81.999,81.649,193.600,200.5,140.500,223.800,241.300,190.600,163.300,,,133689,5.1,66.1,,3797,-0.10,229.500,216.500,335.300,225.000,236.900,138.800,,3.6
2005-06-01,82.056,81.7,193.700,200.6,140.300,224.000,241.600,190.500,163.700,,,133948,5.0,66.1,,4062,-0.07,229.800,217.000,336.200,225.500,237.900,139.300,,3.8
2005-07-01,82.176,82.046,194.900,200.9,140.100,224.600,242.600,190.900,172.800,,,134300,5.0,66.1,,4256,-0.07,230.300,217.700,337.800,225.900,239.700,139.900,99.4,4.0
2005-08-01,82.243,82.377,196.100,201.100,140.000,224.900,243.400,191.100,183.500,,,134502,4.9,66.2,,4142,-0.07,230.700,218.100,337.700,226.700,240.000,140.100,,4.0
2005-09-01,82.425,83.172,198.800,201.300,140.200,224.600,245.800,191.500,208.200,,,134552,5.0,66.1,,4352,0.03,231.200,218.700,338.900,227.400,240.900,140.300,,4.1
2005-10-01,82.662,83.305,199.100,202.0,140.300,225.800,248.000,192.0,205.900,,,134641,5.0,66.1,,4184,0.03,231.600,219.300,340.600,227.400,243.900,140.200,100.1,4.1
2005-11-01,82.873,83.131,198.100,202.5,140.400,226.500,249.800,192.600,191.000,,,134997,5.0,66.0,,4248,0.07,232.200,219.900,342.600,228.100,244.500,140.300,,4.2
2005-12-01,82.959,83.131,198.100,202.800,140.300,227.100,249.700,192.900,187.600,,,135159,4.9,66.0,,4282,-0.03,232.700,220.300,343.100,228.200,242.000,140.200,,4.0
2006-01-01,83.145,83.534,199.300,203.2,140.500,227.500,251.600,193.600,196.600,,,135427,4.7,66.0,,4397,-0.07,233.400,220.800,343.100,229.000,244.600,140.300,100.8,4.0
2006-02-01,83.279,83.584,199.400,203.6,140.300,228.300,251.500,193.700,194.100,,,135733,4.8,66.1,,4325,-0.07,234.100,221.500,344.800,229.200,244.400,140.400,,3.8
2006-03-01,83.509,83.746,199.700,204.300,140.600,229.300,251.700,194.000,192.000,,,136038,4.7,66.2,20.04,4732,-0.07,234.900,222.200,346.300,229.300,244.700,140.800,,3.8
2006-04-01,83.764,84.135,200.700,204.800,140.800,230.100,252.000,193.800,198.500,,,136210,4.7,66.1,20.17,4790,0.00,235.800,222.900,347.600,229.900,245.700,141.000,101.6,3.9
2006-05-01,83.974,84.361,201.300,205.400,140.900,231.000,252.500,194.100,199.800,,,136249,4.6,66.1,20.13,4463,-0.07,236.900,223.700,348.900,230.800,250.100,141.100,,3.9
2006-06-01,84.186,84.569,201.800,205.900,141.000,231.900,253.000,194.700,199.800,,,136337,4.6,66.2,20.22,4614,-0.03,238.000,224.600,350.200,231.200,251.500,141.000,,3.8
2006-07-01,84.268,84.858,202.900,206.300,140.800,232.700,253.500,195.200,207.900,,,136529,4.7,66.1,20.29,4394,0.03,238.900,225.400,351.200,231.400,252.900,140.700,102.5,3.8
2006-08-01,84.44,85.125,203.800,206.800,140.900,233.500,254.100,195.700,211.900,,,136692,4.7,66.2,20.32,4710,0.07,239.700,226.300,352.600,231.600,253.200,140.400,,3.8
2006-09-01,84.573,84.902,202.800,207.200,140.900,234.000,255.100,196.300,198.100,,,136826,4.5,66.1,20.40,4737,0.07,240.400,227.200,353.800,232.000,252.000,139.900,,3.9
2006-10-01,84.726,84.702,201.900,207.6,140.700,235.000,254.300,196.900,184.100,,,136843,4.4,66.2,20.42,4591,-0.07,241.300,228.000,355.000,232.100,248.100,139.000,103.3,3.8
2006-11-01,84.766,84.731,202.000,207.800,140.200,235.800,254.900,197.000,184.100,,,137060,4.5,66.3,20.49,4645,-0.07,242.000,228.800,356.600,231.300,239.100,138.300,,3.9
2006-12-01,84.88,85.032,203.100,208.1,140.200,236.500,255.800,197.100,192.700,,,137249,4.4,66.4,20.58,4620,-0.03,242.700,229.800,357.400,231.300,239.400,137.200,,4.0
2007-01-01,85.224,85.316,203.437,208.600,140.258,237.255,256.655,198.378,190.281,,,137472,4.6,66.4,20.59,4763,0.07,243.345,230.547,359.851,232.078,245.422,136.169,104.3,4.2
2007-02-01,85.408,85.581,204.226,209.135,140.299,238.107,257.640,199.736,192.310,,,137560,4.5,66.3,20.68,4699,0.07,244.020,231.546,362.402,232.560,248.365,135.533,,4.1
2007-03-01,85.494,85.894,205.288,209.418,140.255,238.538,258.653,200.432,200.206,,,137784,4.4,66.2,20.72,4962,0.03,244.602,232.349,363.433,232.712,249.249,135.201,,4.3
2007-04-01,85.616,86.096,205.904,209.747,140.115,239.140,259.258,200.952,203.307,,,137847,4.5,65.9,20.79,4689,0.00,244.993,232.960,364.840,232.592,248.959,134.995,105.1,4.2
2007-05-01,85.717,86.346,206.755,210.058,139.983,239.637,259.944,201.735,208.635,,,137992,4.4,66.0,20.84,4657,0.00,245.236,233.656,366.316,232.026,248.001,134.653,,4.1
2007-06-01,85.859,86.529,207.234,210.392,139.837,240.345,260.649,202.557,209.799,,,138070,4.6,66.0,20.95,4859,0.03,245.690,234.283,367.763,232.609,248.319,134.570,,4.0
2007-07-01,85.988,86.661,207.603,210.773,139.851,240.843,261.011,203.232,209.639,,,138044,4.7,66.0,20.94,4598,0.07,246.149,234.996,370.111,233.398,249.275,134.748,105.9,4.2
2007-08-01,86.116,86.72,207.667,211.119,139.808,241.450,261.130,204.008,206.412,,,138013,4.6,65.8,21.00,4546,0.10,246.815,235.524,372.026,233.683,249.240,135.255,,4.3
2007-09-01,86.351,87.054,208.547,211.554,139.778,242.037,262.080,205.003,210.742,,,138099,4.7,66.0,21.04,4652,0.17,247.487,236.239,373.531,234.566,251.882,136.022,,4.3
2007-10-01,86.576,87.318,209.190,212.077,139.933,242.581,263.227,205.651,212.386,,,138175,4.7,65.8,21.06,4636,0.20,248.075,237.180,375.689,235.382,257.047,136.707,106.7,4.2
2007-11-01,86.746,87.781,210.834,212.660,140.196,243.305,263.943,206.493,223.814,,,138290,4.7,66.0,21.12,4646,0.23,248.876,238.063,377.214,236.226,261.014,137.559,,4.2
2007-12-01,86.92,87.984,211.445,213.168,140.303,243.979,264.995,206.874,225.649,,,138395,5.0,66.0,21.16,4545,0.40,249.532,238.873,378.636,236.971,264.299,137.855,,4.0
2008-01-01,87.093,88.206,212.174,213.771,140.588,244.564,265.945,208.126,226.775,,,138391,5.0,66.2,21.19,4624,0.40,250.013,239.517,380.089,238.170,266.547,138.938,107.6,3.9
2008-02-01,87.178,88.382,212.687,213.939,140.409,244.926,266.774,208.901,229.731,,,138329,4.9,66.0,21.27,4279,0.43,250.419,240.080,380.529,238.521,266.220,138.818,,4.0
2008-03-01,87.349,88.635,213.448,214.420,140.294,245.659,268.312,209.324,233.349,,,138259,5.1,66.1,21.36,4225,0.47,250.899,240.680,381.211,240.136,274.246,138.541,,4.0
2008-04-01,87.4,88.799,213.942,214.560,140.274,245.608,269.973,211.127,234.778,,,138040,5.0,65.9,21.38,4035,0.50,251.408,241.437,382.144,240.542,274.173,137.659,108.4,4.1
2008-05-01,87.559,89.18,215.208,214.936,140.136,245.902,272.054,212.019,243.924,,,137851,5.4,66.1,21.47,4194,0.73,251.677,241.927,383.745,242.568,283.328,136.393,,4.1
2008-06-01,87.76,89.827,217.463,215.424,140.120,246.406,274.025,213.333,262.081,,,137700,5.6,66.1,21.52,3830,0.80,252.229,242.882,384.749,244.987,294.645,135.020,,4.1
2008-07-01,87.918,90.245,219.016,215.965,140.401,246.863,276.501,215.434,271.149,,,137497,5.8,66.1,21.60,3749,0.97,252.620,243.675,385.496,246.460,300.857,133.709,109.0,4.0
2008-08-01,88.026,90.172,218.690,216.393,140.484,247.208,277.018,216.528,262.566,,,137211,6.1,66.1,21.70,3674,1.10,252.992,244.475,386.557,247.814,302.057,132.535,,4.0
2008-09-01,88.116,90.247,218.877,216.713,140.410,247.723,276.360,217.768,260.125,,,136760,6.1,66.0,21.73,3222,1.27,253.572,245.175,387.565,248.058,295.708,131.176,,4.0
2008-10-01,87.991,89.651,216.995,216.788,140.132,247.995,276.370,218.667,238.065,,,136291,6.5,66.0,21.76,3377,1.50,253.936,245.914,388.269,247.806,284.760,129.407,109.5,4.0
2008-11-01,87.952,88.593,213.153,216.947,140.016,248.486,276.023,219.070,195.155,,,135541,6.8,65.9,21.86,3231,1.70,254.600,246.556,388.890,246.832,272.217,128.048,,4.0
2008-12-01,87.909,88.098,211.398,216.925,139.696,248.508,276.534,219.073,176.583,,,134847,7.3,65.8,21.95,3146,2.07,254.772,246.992,390.051,246.695,266.716,127.323,,3.8
2009-01-01,87.882,88.108,211.933,217.346,139.847,248.963,277.114,219.234,178.661,,,134079,7.8,65.7,21.96,2738,2.37,255.330,247.563,391.333,247.831,263.284,126.668,109.8,3.7
2009-02-01,87.952,88.266,212.705,217.792,140.372,249.087,277.462,218.949,183.721,,,133318,8.3,65.8,21.98,2864,2.77,255.657,247.994,392.266,248.703,256.319,124.405,,3.4
2009-03-01,88.015,88.169,212.495,218.253,140.948,249.360,277.134,218.510,178.415,,,132494,8.7,65.6,22.05,2534,3.13,256.229,248.396,393.285,248.454,252.471,122.210,,3.3
2009-04-01,88.211,88.295,212.709,218.706,141.641,249.579,276.622,218.175,177.552,,,131822,9.0,65.7,22.10,2295,3.53,256.603,248.837,394.700,249.081,248.828,121.887,110.1,3.2
2009-05-01,88.279,88.387,213.022,218.904,141.823,249.643,276.171,217.813,179.830,,,131466,9.4,65.7,22.12,2549,3.73,257.030,249.204,395.999,248.895,246.273,122.533,,3.3
2009-06-01,88.392,88.912,214.790,219.112,142.143,249.492,276.592,217.813,197.033,,,131008,9.5,65.7,22.14,2503,3.90,257.073,249.381,396.799,248.503,244.658,123.236,,3.1
2009-07-01,88.468,88.922,214.726,219.263,142.228,249.149,277.163,217.387,195.778,,,130662,9.5,65.5,22.18,2232,3.80,257.045,249.343,398.036,250.113,252.107,122.844,110.5,3.0
2009-08-01,88.599,89.18,215.445,219.496,141.918,249.519,277.997,217.376,201.583,,,130472,9.6,65.4,22.23,2338,3.67,257.248,249.359,398.919,251.503,254.411,125.011,,2.5
2009-09-01,88.755,89.324,215.861,219.920,142.537,249.415,278.913,217.258,202.777,,,130246,9.8,65.1,22.27,2487,3.57,256.958,249.261,399.902,253.010,260.944,127.631,,2.3
2009-10-01,89.082,89.663,216.509,220.501,143.319,249.643,279.690,217.452,204.719,,,130061,10.0,65.0,22.31,2406,3.57,256.920,248.959,400.792,254.501,267.042,132.475,111.0,2.1
2009-11-01,89.16,89.887,217.234,220.666,143.710,249.211,280.869,217.581,210.932,100.2,,130057,9.9,65.0,22.34,2503,3.47,256.616,248.778,402.295,255.701,273.984,135.730,,2.1
2009-12-01,89.236,89.939,217.347,220.881,143.992,249.219,281.146,217.904,209.915,100.3,,129808,9.9,64.6,22.37,2568,3.07,256.598,248.667,403.156,256.280,277.350,139.376,,1.7
2010-01-01,89.368,90.136,217.488,220.633,144.114,248.034,281.652,218.489,212.807,101.2,,129802,9.8,64.8,22.40,2837,2.57,256.425,248.721,404.972,256.323,273.454,142.829,111.4,1.6
2010-02-01,89.446,90.134,217.281,220.731,144.055,247.997,282.109,218.552,209.624,101.0,,129706,9.8,64.9,22.46,2666,2.03,256.373,248.717,406.672,257.050,270.971,143.173,,1.6
2010-03-01,89.579,90.261,217.353,220.783,143.879,247.914,282.963,218.990,209.326,101.1,,129866,9.9,64.9,22.46,2679,1.53,256.185,248.854,408.261,257.804,271.311,142.377,,1.9
2010-04-01,89.625,90.31,217.403,220.822,143.454,247.959,283.635,219.209,209.219,101.4,99.9,130120,9.9,65.2,22.49,3153,1.20,256.152,248.962,409.253,258.306,273.533,141.680,111.9,1.9
2010-05-01,89.724,90.339,217.290,220.962,143.304,248.128,283.954,219.331,206.631,101.6,100.2,130642,9.6,64.9,22.51,2988,0.80,256.302,249.066,409.547,258.969,275.820,140.952,,1.7
2010-06-01,89.767,90.301,217.199,221.194,143.342,248.295,284.208,219.285,203.764,101.4,100.1,130510,9.4,64.6,22.53,2801,0.43,256.447,249.327,410.740,259.454,277.651,141.951,,1.8
2010-07-01,89.769,90.378,217.605,221.363,143.336,248.430,284.747,219.234,206.877,101.6,100.3,130415,9.4,64.6,22.59,3082,0.13,256.552,249.458,410.809,260.122,279.192,142.512,112.3,1.8
2010-08-01,89.855,90.502,217.923,221.509,143.413,248.430,285.161,219.480,208.770,101.8,100.3,130415,9.5,64.7,22.62,2999,0.00,256.574,249.346,411.794,260.643,279.262,143.420,,2.0
2010-09-01,89.906,90.592,218.275,221.711,143.510,248.568,285.397,220.219,209.832,102.1,100.5,130341,9.5,64.6,22.67,2918,0.03,256.686,249.663,414.592,260.968,278.873,144.032,,1.9
2010-10-01,90.043,90.881,219.035,221.830,143.473,248.692,285.815,220.521,216.710,102.5,100.6,130620,9.4,64.4,22.73,3235,0.07,256.833,249.660,415.287,261.804,279.580,144.313,112.9,1.7
2010-11-01,90.16,91.062,219.590,222.149,143.535,248.993,286.259,220.946,219.496,102.8,100.7,130749,9.8,64.6,22.73,3211,0.13,257.110,250.182,415.730,263.061,286.247,144.751,,1.7
2010-12-01,90.179,91.268,220.472,222.343,143.602,249.284,286.728,221.215,227.130,103.1,100.8,130830,9.3,64.3,22.76,3058,0.10,257.334,250.641,416.718,263.509,293.446,145.669,,1.7
2011-01-01,90.372,91.542,221.187,222.803,143.911,249.621,287.146,222.469,229.258,103.7,101.2,130837,9.1,64.2,22.87,3104,-0.13,257.620,251.142,417.162,265.218,301.088,146.478,113.2,1.9
2011-02-01,90.53,91.797,221.898,223.213,144.171,249.924,288.100,223.504,232.068,104.3,101.5,131057,9.0,64.1,22.87,3226,-0.30,257.985,251.516,418.808,266.083,304.572,146.182,,2.0
2011-03-01,90.667,92.166,223.046,223.454,144.298,250.158,288.599,225.213,240.079,105.0,102.0,131283,9.0,64.2,22.87,3261,-0.20,258.207,251.905,419.386,267.278,306.515,145.646,,1.9
2011-04-01,90.875,92.557,224.093,223.727,144.502,250.412,289.220,226.072,247.977,105.5,102.3,131597,9.1,64.2,22.91,3259,0.00,258.436,252.203,420.691,266.841,302.541,145.542,113.7,1.9
2011-05-01,91.091,92.838,224.806,224.175,145.054,250.660,289.887,226.940,250.744,105.8,102.5,131703,9.0,64.1,22.97,3179,0.07,258.730,252.584,421.789,266.384,292.694,146.476,,2.0
2011-06-01,91.191,92.819,224.806,224.697,145.556,251.178,290.121,227.515,245.534,105.9,102.7,131931,9.1,64.0,23.00,3455,0.20,259.128,252.986,422.609,267.114,294.743,148.518,,2.1
2011-07-01,91.326,92.977,225.395,225.218,145.816,251.834,290.710,228.482,246.187,106.1,102.9,131992,9.0,64.0,23.11,3623,0.23,259.712,253.423,424.055,268.279,304.773,149.971,114.2,2.1
2011-08-01,91.508,93.196,226.106,225.862,146.242,252.329,291.491,229.634,246.880,106.3,103.3,132125,9.0,64.1,23.06,3329,0.23,260.211,254.295,425.162,270.018,316.044,151.312,,2.2
2011-09-01,91.57,93.327,226.597,226.118,146.269,252.668,292.149,230.682,248.550,106.7,103.5,132344,9.0,64.2,23.11,3774,0.20,260.520,254.895,426.035,270.277,314.655,151.677,,2.0
2011-10-01,91.614,93.329,226.750,226.506,146.482,253.184,292.648,230.899,246.655,106.3,103.2,132553,8.8,64.1,23.18,3619,0.17,261.005,255.651,428.187,269.736,306.827,151.986,114.7,2.1
2011-11-01,91.808,93.52,227.169,226.899,146.776,253.619,293.078,231.118,247.640,106.6,103.4,132690,8.6,64.1,23.19,3565,0.00,261.386,256.207,430.120,268.838,297.966,152.187,,2.0
2011-12-01,91.96,93.574,227.223,227.405,146.852,254.150,293.697,231.557,243.353,106.5,103.4,132888,8.5,64.0,23.22,3768,-0.17,261.874,256.800,431.576,270.087,307.069,152.083,,2.0
2012-01-01,92.235,93.894,227.842,227.877,147.079,254.512,294.108,232.213,244.876,106.9,103.8,133246,8.3,63.7,23.26,3909,-0.20,262.366,257.267,432.797,270.785,308.335,151.106,115.3,1.9
2012-02-01,92.364,94.104,228.329,228.034,147.093,254.951,293.793,232.140,248.898,107.2,104.1,133509,8.3,63.8,23.28,3616,-0.13,262.722,257.842,433.088,270.387,306.081,149.893,,2.0
2012-03-01,92.521,94.284,228.807,228.478,147.217,255.474,294.366,232.591,249.742,107.4,104.3,133748,8.2,63.8,23.36,3979,-0.10,263.286,258.335,434.468,271.216,308.237,149.265,,2.0
2012-04-01,92.661,94.408,229.187,228.905,147.287,256.056,294.998,233.044,249.677,107.7,104.6,133825,8.2,63.7,23.39,3793,-0.07,263.871,258.977,436.191,271.231,304.810,150.053,115.8,2.2
2012-05-01,92.755,94.302,228.713,229.224,147.418,256.451,295.228,233.219,241.806,107.6,104.8,133932,8.2,63.7,23.41,3835,-0.03,264.202,259.481,437.844,270.678,294.883,151.587,,2.1
2012-06-01,92.85,94.254,228.524,229.623,147.514,256.813,296.180,233.683,235.897,107.3,104.7,134013,8.2,63.8,23.46,3911,0.00,264.477,259.893,440.922,270.582,287.712,152.263,,2.3
2012-07-01,92.946,94.288,228.590,229.970,147.489,257.153,296.464,233.845,233.568,107.2,104.6,134157,8.2,63.7,23.49,3735,0.07,264.900,260.476,442.625,272.538,302.202,151.970,116.3,2.1
2012-08-01,93.005,94.605,229.918,230.233,147.244,257.647,297.221,234.244,244.987,107.5,104.5,134339,8.1,63.5,23.48,3809,0.03,265.440,260.999,443.047,274.349,312.195,150.871,,2.1
2012-09-01,93.119,94.893,231.015,230.659,147.299,258.233,297.941,234.404,252.987,108.2,104.8,134517,7.8,63.6,23.57,3882,-0.10,266.029,261.620,444.433,275.080,312.078,149.647,,2.2
2012-10-01,93.345,95.174,231.638,231.024,147.395,258.816,298.630,234.843,256.017,108.3,104.9,134669,7.8,63.8,23.56,3775,-0.13,266.495,262.631,445.120,275.312,308.022,148.986,116.7,2.1
2012-11-01,93.445,95.109,231.249,231.330,147.488,259.216,299.534,235.253,248.819,108.4,105.4,134825,7.7,63.6,23.63,3878,-0.13,266.921,263.137,446.157,275.043,301.966,148.932,,2.2
2012-12-01,93.514,95.094,231.221,231.725,147.397,259.644,300.413,235.677,244.708,108.4,105.5,135074,7.9,63.7,23.72,3970,0.00,267.333,263.669,447.508,277.493,316.876,149.243,,2.2
2013-01-01,93.703,95.275,231.679,232.229,147.610,260.142,301.074,236.011,245.025,108.7,105.6,135257,8.0,63.7,23.74,3923,0.00,267.787,264.245,448.525,278.810,320.958,149.741,117.4,2.3
2013-02-01,93.805,95.614,232.937,232.569,147.518,260.719,301.977,235.992,255.696,108.9,105.6,135546,7.7,63.4,23.78,4004,-0.03,268.325,264.904,449.885,278.755,316.620,149.789,,2.3
2013-03-01,93.891,95.488,232.282,232.794,147.227,261.176,302.312,236.213,246.595,108.9,105.8,135689,7.5,63.3,23.80,4076,-0.07,268.758,265.603,451.519,279.821,322.645,148.912,,2.2
2013-04-01,93.937,95.391,231.797,232.832,147.162,261.679,302.429,236.655,240.473,108.7,106.0,135873,7.6,63.4,23.87,3988,-0.13,269.314,266.094,451.305,278.226,310.843,148.577,118.0,2.2
2013-05-01,94.047,95.461,231.893,232.996,147.107,262.263,303.029,236.454,240.468,108.6,105.7,136096,7.5,63.4,23.89,4145,-0.03,269.825,266.841,450.850,276.980,298.615,148.501,,2.2
2013-06-01,94.209,95.673,232.445,233.350,147.168,262.797,303.478,236.980,242.711,109.0,106.1,136279,7.5,63.4,23.96,4150,0.00,270.366,267.451,453.246,277.127,296.647,148.742,,2.1
2013-07-01,94.329,95.792,232.900,233.880,147.251,263.239,304.281,237.184,242.986,109.2,106.4,136391,7.3,63.3,23.98,3885,-0.03,270.758,267.870,454.064,280.653,311.074,149.058,118.4,2.3
2013-08-01,94.431,95.934,233.456,234.336,147.232,263.860,304.858,237.451,244.833,109.3,106.4,136646,7.2,63.3,24.02,4085,-0.10,271.415,268.837,456.679,281.178,317.280,149.539,,2.4
2013-09-01,94.543,95.976,233.544,234.700,147.226,264.321,305.709,237.519,242.745,109.3,106.5,136821,7.2,63.2,24.06,4128,-0.13,271.927,269.315,457.968,281.835,316.426,150.458,,2.4
2013-10-01,94.703,96.103,233.669,234.921,147.207,264.684,306.194,237.750,241.954,109.5,106.7,137041,7.2,62.8,24.09,4222,-0.03,272.520,269.822,457.801,282.240,315.445,151.248,119.1,2.2
2013-11-01,94.86,96.246,234.100,235.359,147.295,265.496,306.629,237.947,242.718,109.7,106.9,137317,6.9,63.0,24.16,4119,-0.10,273.211,270.387,457.634,282.360,315.808,151.993,,2.0
2013-12-01,94.961,96.414,234.719,235.759,147.423,266.228,306.785,238.182,245.733,109.8,106.9,137372,6.7,62.9,24.18,4121,-0.17,273.957,271.220,458.658,282.523,314.891,152.457,,2.2
2014-01-01,95.064,96.614,235.288,235.961,147.079,266.892,307.795,238.492,250.340,110.1,107.1,137561,6.6,62.9,24.22,4127,-0.20,274.535,271.918,459.825,281.981,304.438,151.535,119.4,2.3
2014-02-01,95.109,96.66,235.547,236.185,146.857,267.481,308.584,239.408,249.925,110.3,107.3,137712,6.7,62.9,24.33,4373,-0.10,275.131,272.461,460.879,282.418,302.328,150.718,,2.4
2014-03-01,95.25,96.815,236.028,236.625,146.752,268.287,310.215,240.447,249.961,110.7,107.6,137985,6.7,63.1,24.31,4388,0.00,275.799,273.341,462.471,283.316,305.804,149.641,,2.4
2014-04-01,95.413,96.987,236.468,237.072,146.786,268.923,310.124,241.241,249.864,110.8,107.6,138298,6.2,62.8,24.34,4566,-0.10,276.381,274.255,463.308,284.251,307.536,149.217,120.2,2.3
2014-05-01,95.574,97.147,236.918,237.529,146.808,269.715,311.316,242.408,249.213,111.0,107.9,138513,6.3,62.9,24.40,4747,-0.13,276.957,275.013,464.149,285.256,314.119,149.006,,2.3
2014-06-01,95.682,97.253,237.231,237.837,146.895,270.149,311.785,242.646,249.714,110.9,107.9,138849,6.1,62.8,24.46,4982,-0.20,277.490,275.819,464.649,285.874,314.699,148.921,,2.3
2014-07-01,95.848,97.391,237.498,238.195,146.810,270.891,312.098,243.235,248.744,111.3,108.4,139072,6.2,62.9,24.48,4846,-0.03,278.129,276.663,465.125,285.695,311.679,149.216,121.1,2.4
2014-08-01,95.885,97.379,237.460,238.405,146.691,271.493,311.910,243.792,245.699,111.3,108.4,139269,6.1,62.9,24.54,5349,-0.07,278.694,277.319,465.546,285.611,309.923,149.472,,2.5
2014-09-01,96.013,97.413,237.477,238.786,146.864,272.118,312.054,244.480,241.610,111.1,108.3,139563,5.9,62.8,24.56,4914,-0.07,279.278,278.149,466.296,285.777,306.111,149.859,,2.7
2014-10-01,96.096,97.384,237.430,239.191,146.931,272.730,312.458,244.866,237.061,111.3,108.7,139798,5.7,62.9,24.59,5012,-0.13,279.905,278.797,467.008,287.239,307.357,148.954,121.8,2.8
2014-11-01,96.181,97.291,236.983,239.458,146.597,273.436,312.738,245.394,229.016,111.1,108.7,140089,5.8,62.9,24.66,4843,-0.10,280.565,279.758,468.507,288.224,305.983,147.488,,2.9
2014-12-01,96.249,97.12,236.252,239.584,146.316,273.997,313.322,246.237,218.536,110.8,108.9,140364,5.6,62.8,24.63,5130,-0.10,281.063,280.383,469.971,287.500,301.037,145.830,,2.8
2015-01-01,96.214,96.654,234.747,239.811,145.839,274.762,313.762,246.197,199.926,110.1,108.9,140568,5.7,62.9,24.74,5344,0.00,281.777,281.223,470.198,287.871,295.273,144.875,122.6,2.9
2015-02-01,96.324,96.825,235.342,240.172,146.064,275.470,313.835,246.495,203.021,109.6,108.5,140827,5.5,62.7,24.79,5466,-0.10,282.535,282.171,469.241,288.461,293.524,147.264,,3.0
2015-03-01,96.47,97.008,235.976,240.755,146.356,276.258,313.737,246.072,205.757,109.8,108.6,140923,5.4,62.6,24.85,5210,-0.03,283.270,283.056,471.460,288.812,290.945,147.694,,3.3
2015-04-01,96.648,97.094,236.222,241.346,146.490,277.003,314.583,246.002,203.577,109.6,108.6,141196,5.4,62.8,24.89,5598,-0.10,284.061,283.786,475.195,288.928,285.424,148.404,122.8,3.4
2015-05-01,96.766,97.327,237.001,241.688,146.502,277.524,314.789,246.239,208.973,110.0,108.7,141538,5.6,62.9,24.97,5563,0.00,284.712,284.559,475.984,289.960,293.265,149.290,,3.3
2015-06-01,96.882,97.516,237.657,242.064,146.339,278.284,315.639,246.937,212.015,110.3,109.0,141709,5.3,62.7,24.97,5248,-0.07,285.668,285.477,475.516,290.914,298.839,149.480,,3.2
2015-07-01,96.978,97.605,238.034,242.565,146.210,279.329,315.735,247.157,211.623,110.5,109.2,141991,5.2,62.6,25.01,6056,-0.03,286.463,286.435,476.271,291.671,294.099,149.078,123.6,3.1
2015-08-01,97.056,97.612,238.033,242.817,146.044,279.921,316.191,247.742,208.579,110.3,109.2,142125,5.1,62.6,25.10,5467,-0.13,287.106,287.320,475.865,291.638,291.307,148.295,,3.1
2015-09-01,97.196,97.477,237.498,243.316,146.142,280.737,316.750,248.492,197.246,109.9,109.1,142275,5.0,62.4,25.11,5488,-0.07,287.882,288.385,477.038,291.907,287.452,147.554,,3.0
2015-10-01,97.228,97.477,237.733,243.768,145.888,281.429,317.537,248.755,195.616,109.6,108.9,142579,5.0,62.5,25.20,5773,-0.10,288.538,289.236,481.074,292.578,291.034,146.397,124.3,2.9
2015-11-01,97.332,97.538,238.017,244.241,145.723,282.129,318.388,248.525,195.114,109.7,109.0,142808,5.1,62.5,25.25,5708,-0.03,289.169,289.953,482.778,294.481,293.715,144.850,,3.1
2015-12-01,97.396,97.456,237.761,244.547,145.624,282.779,318.575,248.206,190.143,109.6,109.2,143077,5.0,62.7,25.25,5845,-0.03,289.883,290.723,483.510,295.147,291.963,143.955,,3.1
2016-01-01,97.567,97.496,237.652,244.955,145.376,283.714,318.900,248.353,185.235,110.0,109.8,143210,4.8,62.7,25.37,6012,-0.03,290.694,291.700,485.346,295.589,289.611,144.638,125.1,3.1
2016-02-01,97.736,97.445,237.336,245.510,145.674,284.502,319.394,248.606,176.401,109.7,109.8,143406,4.9,62.8,25.38,5770,-0.03,291.450,292.617,487.562,295.617,286.419,143.979,,3.2
2016-03-01,97.876,97.673,238.080,245.913,145.598,285.122,320.051,248.029,182.234,109.7,109.7,143662,5.0,63.0,25.45,6129,0.00,292.144,293.471,488.298,296.485,286.501,143.659,,3.2
2016-04-01,98.117,97.993,238.992,246.551,145.787,285.853,321.125,248.235,186.713,109.9,109.9,143854,5.1,62.9,25.53,5803,0.03,293.006,294.397,489.828,298.876,291.228,145.475,126.0,3.5
2016-05-01,98.284,98.153,239.557,247.137,145.814,286.855,321.961,247.856,188.596,110.1,109.9,143900,4.8,62.7,25.58,5777,-0.03,294.009,295.371,492.258,299.736,288.805,146.416,,3.6
2016-06-01,98.386,98.325,240.222,247.540,145.452,287.819,322.588,247.683,192.899,110.6,110.3,144147,4.9,62.7,25.62,5742,-0.03,294.913,296.306,493.458,300.527,290.014,144.887,,3.6
2016-07-01,98.529,98.342,240.101,247.829,145.175,288.524,323.427,247.658,189.046,110.5,110.2,144520,4.8,62.8,25.69,5962,-0.03,295.753,297.192,495.805,300.422,280.880,143.270,126.6,3.4
2016-08-01,98.703,98.479,240.545,248.423,145.296,289.367,324.455,247.746,188.772,110.3,110.2,144661,4.9,62.9,25.71,5677,0.07,296.567,298.029,500.060,300.347,278.139,142.803,,3.3
2016-09-01,98.834,98.666,241.176,248.842,145.560,290.369,324.806,247.772,192.243,110.6,110.4,144967,5.0,62.9,25.77,5868,0.10,297.625,299.035,500.384,299.937,275.578,144.851,,3.6
2016-10-01,98.961,98.868,241.741,249.142,145.416,291.378,324.881,247.812,195.979,110.9,110.5,145065,4.9,62.8,25.90,5591,0.10,298.494,300.215,500.424,300.301,270.900,142.217,127.3,3.8
2016-11-01,99.005,98.901,242.026,249.481,144.881,292.227,325.557,247.741,196.372,111.1,110.8,145183,4.7,62.7,25.90,5971,0.00,299.459,301.223,501.489,301.747,272.902,139.975,,3.9
2016-12-01,99.12,99.071,242.637,249.920,144.726,293.066,326.101,247.725,199.513,111.4,110.9,145408,4.7,62.7,25.93,5964,-0.07,300.275,302.271,502.333,303.421,277.919,139.457,,3.5
2017-01-01,99.385,99.451,243.618,250.467,144.935,293.769,326.793,248.065,205.369,111.9,111.3,145628,4.7,62.8,26.00,5617,0.00,300.984,303.156,502.654,305.057,280.879,138.761,128.2,3.3
2017-02-01,99.561,99.586,244.006,250.998,144.989,294.543,327.847,248.735,204.133,111.9,111.2,145846,4.6,62.9,26.07,5923,0.03,301.751,304.060,504.188,306.293,282.923,138.713,,3.2
2017-03-01,99.519,99.535,243.892,250.944,144.995,295.012,327.228,249.244,202.528,112.1,111.4,145970,4.4,62.9,26.11,5811,-0.03,302.365,304.888,504.797,307.092,284.341,139.232,,3.5
2017-04-01,99.723,99.725,244.193,251.227,144.922,295.741,327.837,249.589,202.954,112.6,111.9,146175,4.4,63.0,26.18,6091,-0.13,302.962,305.692,505.071,307.570,285.005,138.596,129.0,3.6
2017-05-01,99.803,99.682,244.004,251.430,144.597,296.461,328.423,249.972,198.449,112.5,112.2,146380,4.4,62.8,26.21,5826,-0.13,303.615,306.720,504.887,308.569,279.718,138.601,,3.4
2017-06-01,99.937,99.766,244.163,251.746,144.430,297.215,328.870,249.770,197.808,112.6,112.3,146583,4.3,62.8,26.26,6305,-0.03,304.437,307.681,505.993,309.612,277.107,137.691,,3.2
2017-07-01,100.01,99.803,244.243,251.985,144.196,297.676,329.438,250.185,195.994,112.7,112.4,146772,4.3,62.9,26.35,6238,-0.03,305.221,308.490,506.889,310.184,274.970,136.872,129.9,3.3
2017-08-01,100.118,100.027,245.183,252.535,143.976,298.904,330.016,250.469,201.450,113.1,112.6,146919,4.4,62.9,26.37,6276,0.03,306.229,309.608,507.840,311.071,270.846,136.875,,3.4
2017-09-01,100.24,100.4,246.435,252.812,143.610,299.711,330.584,250.826,212.723,113.5,112.7,147008,4.3,63.1,26.49,6320,-0.03,307.061,310.346,509.039,311.749,268.659,135.033,,3.6
2017-10-01,100.486,100.531,246.626,253.526,143.920,300.814,330.999,251.048,208.328,113.9,113.2,147149,4.2,62.7,26.50,6408,-0.07,308.001,311.330,510.005,312.971,268.229,137.803,130.8,3.4
2017-11-01,100.535,100.675,247.284,253.816,143.734,301.430,331.449,251.195,213.047,114.3,113.4,147372,4.2,62.7,26.54,6271,-0.10,308.790,312.295,509.686,313.678,266.421,138.261,,3.3
2017-12-01,100.683,100.821,247.805,254.344,143.742,302.428,332.024,251.716,213.574,114.4,113.4,147523,4.1,62.7,26.63,6336,-0.03,309.822,313.462,510.529,314.938,267.054,138.123,,2.9
2018-01-01,101.007,101.199,248.859,255.204,144.243,303.213,332.783,252.377,216.855,114.8,113.8,147660,4.0,62.7,26.72,6621,0.00,310.637,314.531,512.784,317.514,266.194,138.559,132.0,3.0
2018-02-01,101.198,101.416,249.529,255.711,144.361,303.784,334.211,252.264,220.141,115.1,114.0,148054,4.1,63.0,26.74,6552,0.00,311.213,315.162,513.474,320.209,266.402,138.643,,2.9
2018-03-01,101.419,101.524,249.577,256.271,144.490,304.812,334.876,252.365,215.720,115.3,114.4,148280,4.0,62.9,26.85,6818,0.00,312.207,315.885,515.505,320.599,268.183,138.212,,3.2
2018-04-01,101.602,101.766,250.227,256.630,144.466,305.720,335.116,252.867,219.165,115.5,114.5,148420,4.0,62.9,26.91,6877,-0.07,313.169,316.960,516.618,319.913,266.465,137.876,132.8,3.1
2018-05-01,101.78,101.941,250.792,257.145,144.435,306.808,335.742,252.864,221.045,115.9,114.8,148742,3.8,62.9,26.98,7016,-0.10,313.968,317.766,516.807,320.440,264.022,138.533,,3.1
2018-06-01,101.872,102.029,251.018,257.399,144.120,307.183,336.394,253.167,220.947,116.3,115.3,148960,4.0,63.0,27.03,7230,-0.03,314.670,318.607,518.561,321.236,263.344,137.952,,3.2
2018-07-01,102.006,102.137,251.214,257.699,143.835,308.050,336.583,253.598,219.929,116.4,115.5,149020,3.8,63.0,27.10,7190,0.00,315.576,319.642,518.347,321.994,263.786,137.608,133.9,3.3
2018-08-01,102.016,102.208,251.663,257.891,143.342,309.004,336.846,253.949,222.781,116.5,115.5,149277,3.8,62.6,27.21,7208,0.03,316.436,320.860,516.975,322.821,265.241,138.093,,3.5
2018-09-01,102.205,102.418,252.182,258.368,143.421,309.522,337.632,254.302,223.955,116.7,115.6,149358,3.7,62.8,27.32,7411,-0.07,317.115,321.563,518.551,324.030,266.203,136.920,,3.5
2018-10-01,102.366,102.595,252.772,258.917,143.754,310.401,338.028,254.170,226.022,117.5,116.4,149527,3.8,62.9,27.37,7304,-0.07,318.018,322.447,519.664,324.406,263.608,138.247,134.9,3.7
2018-11-01,102.556,102.63,252.594,259.439,143.950,311.247,338.345,254.887,218.500,117.4,116.6,149617,3.8,62.9,27.44,7594,-0.07,319.011,323.633,521.946,324.079,261.615,139.763,,4.0
2018-12-01,102.735,102.701,252.767,260.063,144.218,312.132,339.740,255.877,213.630,117.4,116.7,149809,3.9,63.0,27.56,7489,0.07,319.777,324.408,524.389,324.081,259.347,140.180,,3.9
2019-01-01,102.87,102.648,252.561,260.766,144.788,312.998,339.491,256.533,204.340,117.0,116.7,150060,4.0,63.1,27.59,7502,0.13,320.571,325.314,525.384,324.545,261.858,142.214,135.8,3.8
2019-02-01,102.963,102.836,253.319,261.186,144.749,314.072,339.578,257.253,208.144,117.2,116.9,150067,3.8,63.1,27.69,7066,0.17,321.560,326.220,526.258,324.291,264.965,142.272,,3.4
2019-03-01,103.058,103.069,254.277,261.567,144.733,315.051,340.461,257.681,214.934,117.6,117.0,150295,3.8,63.0,27.77,7317,0.13,322.538,327.539,527.381,323.443,262.909,141.218,,3.5
2019-04-01,103.265,103.36,255.233,261.997,144.370,316.172,341.269,257.325,222.420,118.2,117.5,150591,3.7,62.8,27.79,7272,0.00,323.616,328.816,528.889,323.795,260.115,139.895,136.8,3.6
2019-05-01,103.371,103.435,255.296,262.217,144.146,317.030,341.316,257.818,220.523,118.3,117.7,150618,3.6,62.9,27.88,7275,-0.07,324.449,329.617,531.474,323.026,261.933,138.573,,3.7
2019-06-01,103.56,103.484,255.213,262.739,144.173,317.949,342.017,257.952,214.926,118.2,117.7,150838,3.6,63.0,27.97,7194,-0.03,325.418,330.919,533.200,323.274,262.483,138.241,,3.8
2019-07-01,103.678,103.622,255.802,263.280,144.206,318.777,342.527,258.059,216.696,118.5,118.0,150937,3.7,63.1,28.03,7042,0.03,326.218,331.935,535.551,324.049,264.084,138.132,137.9,3.8
2019-08-01,103.797,103.67,256.036,263.877,144.225,319.370,343.383,258.288,213.847,118.6,118.2,151169,3.6,63.1,28.14,7178,0.07,327.043,332.781,538.727,325.993,268.749,138.686,,3.8
2019-09-01,103.873,103.733,256.430,264.388,144.175,320.436,344.097,258.865,213.015,118.3,117.9,151365,3.5,63.2,28.16,7124,0.0,327.953,333.920,541.136,326.935,272.014,138.694,,3.7
2019-10-01,104.028,103.917,257.155,264.970,144.225,320.862,345.538,259.434,215.268,118.8,118.2,151460,3.6,63.3,28.24,7289,-0.03,328.581,334.558,546.096,327.196,271.125,139.701,138.9,3.5
2019-11-01,104.092,104.024,257.879,265.548,144.257,321.611,346.382,260.048,217.488,118.6,118.0,151667,3.6,63.3,28.34,6888,-0.07,329.440,335.484,548.767,326.715,268.352,139.579,,3.7
2019-12-01,104.322,104.307,258.630,266.020,144.380,322.247,347.103,260.483,221.180,119.0,118.2,151794,3.6,63.3,28.38,6699,0.0,330.255,336.418,550.659,326.555,267.214,140.088,,3.6
2020-01-01,104.507,104.49,259.127,266.716,144.308,323.487,347.877,261.293,220.147,119.2,118.6,152031,3.6,63.3,28.43,7124,0.0,331.327,337.591,552.331,328.113,268.668,139.424,140.3,3.8
2020-02-01,104.711,104.573,259.250,267.370,144.717,324.483,348.302,261.962,214.294,118.6,118.2,152293,3.5,63.3,28.54,6966,0.0,332.056,338.489,554.332,328.863,270.587,140.593,,3.7
2020-03-01,104.632,104.271,258.076,267.054,144.488,324.540,348.117,262.622,201.681,118.0,118.3,150895,4.4,62.6,28.73,5894,0.3,332.877,339.502,556.748,321.192,233.537,141.667,,3.6
2020-04-01,104.293,103.838,256.032,265.746,143.211,324.391,345.745,266.370,182.586,116.6,117.9,130426,14.8,60.1,30.04,4606,4.0,333.532,340.225,559.620,305.569,196.819,138.890,140.8,3.5
2020-05-01,104.402,103.942,255.802,265.412,142.711,324.973,344.752,268.086,180.040,117.2,117.9,133040,13.2,60.8,29.72,5612,7.27,334.293,341.007,562.645,294.297,186.931,137.922,,3.6
2020-06-01,104.565,104.27,257.042,265.849,142.586,325.425,345.990,269.553,188.734,117.5,118.1,137671,11.0,61.5,29.38,6129,9.5,334.617,341.524,564.929,300.572,192.344,134.156,,3.8
2020-07-01,104.937,104.578,258.352,267.389,143.375,326.249,348.970,268.532,191.966,118.2,118.7,139255,10.2,61.5,29.39,6530,8.0,335.334,342.312,567.284,311.944,203.723,136.770,141.6,3.9
2020-08-01,105.243,104.87,259.316,268.422,144.691,326.782,349.469,268.957,193.307,118.4,118.8,140821,8.4,61.7,29.49,6429,6.37,335.891,342.650,567.277,312.966,207.635,144.102,,3.5
2020-09-01,105.41,105.057,259.997,268.933,145.698,327.043,349.782,269.043,196.705,118.8,119.1,141770,7.8,61.4,29.51,6511,5.3,336.126,342.986,568.080,310.192,205.325,152.968,,3.6
2020-10-01,105.507,105.151,260.319,269.306,146.112,327.421,350.191,269.653,196.113,119.4,119.7,142460,6.9,61.7,29.54,6798,4.2,336.841,343.502,566.288,310.119,215.955,155.964,142.8,3.6
2020-11-01,105.605,105.258,260.911,269.981,146.388,327.801,351.811,269.636,197.017,119.5,119.7,142733,6.7,61.5,29.64,6820,3.63,336.982,343.731,566.296,315.497,221.157,154.817,,3.8
2020-12-01,105.896,105.699,262.045,270.341,146.718,328.217,352.107,270.781,205.670,120.0,119.9,142548,6.7,61.5,29.91,6773,3.23,337.456,344.125,565.656,315.710,216.188,154.216,,3.5
2021-01-01,106.168,106.065,262.687,270.387,146.752,328.535,351.243,271.195,212.470,121.2,120.9,142863,6.4,61.4,29.93,7162,3.03,337.954,344.489,568.379,314.584,209.629,153.361,144.5,3.4
2021-02-01,106.435,106.441,263.579,270.793,146.617,329.124,352.819,271.425,219.242,122.0,121.3,143380,6.2,61.4,30.05,7827,2.87,338.780,345.099,571.673,314.604,200.387,153.647,,3.4
2021-03-01,106.865,107.019,264.961,271.459,146.933,329.947,354.408,271.636,229.617,122.8,121.9,144232,6.1,61.5,30.03,8499,2.33,339.559,345.658,572.068,316.088,198.559,154.930,,3.3
2021-04-01,107.493,107.553,266.614,273.660,149.554,331.208,356.807,272.715,227.255,124.0,123.2,144587,6.1,61.6,30.22,9346,-0.07,340.371,346.357,571.948,323.087,216.990,168.006,145.8,3.2
2021-05-01,107.989,108.069,268.383,275.465,151.991,332.111,358.541,273.932,229.854,125.3,124.2,145065,5.8,61.6,30.41,9954,-0.13,341.339,347.242,571.324,327.033,233.479,178.929,,3.0
2021-06-01,108.522,108.668,270.654,277.651,154.821,333.835,359.801,275.997,233.603,126.2,124.9,145820,5.9,61.7,30.54,10319,-0.03,342.479,348.070,570.655,331.595,241.989,194.846,,3.3
2021-07-01,108.971,109.162,271.903,278.648,155.288,335.446,360.518,277.813,236.488,127.486,126.260,146762,5.4,61.8,30.66,10983,-0.23,343.510,348.853,572.051,331.279,243.685,193.734,148.0,3.8
2021-08-01,109.34,109.599,272.676,278.997,155.570,336.022,360.540,279.010,240.692,128.603,127.256,147314,5.1,61.7,30.78,10872,-0.2,344.400,349.983,572.768,327.062,221.166,190.066,,3.9
2021-09-01,109.548,109.948,273.910,279.698,156.259,337.357,361.095,281.366,245.302,129.226,127.482,147771,4.7,61.7,30.98,10834,-0.37,345.833,351.306,572.633,323.580,206.174,190.308,,4.3
2021-10-01,110.119,110.7,276.550,281.668,158.483,338.948,363.317,283.972,254.756,130.045,128.052,148572,4.5,61.8,31.14,11238,-0.27,347.414,352.771,575.606,324.022,205.656,197.214,149.9,4.2
2021-11-01,110.671,111.435,278.919,283.406,160.247,340.544,364.386,286.151,263.798,131.475,129.390,149230,4.1,61.9,31.23,11199,-0.33,348.902,354.215,577.956,327.587,212.465,203.485,,4.5
2021-12-01,111.28,112.088,280.845,285.180,162.481,341.931,365.724,287.812,267.899,132.260,130.267,149816,3.9,62.0,31.39,11520,-0.27,350.281,355.588,579.903,328.653,217.497,211.728,,4.8
2022-01-01,111.822,112.678,282.543,286.757,164.074,342.858,367.932,290.077,270.189,133.529,131.327,150006,4.0,62.2,31.60,11210,-0.2,351.723,357.411,583.642,331.128,219.155,215.494,151.7,5.3
2022-02-01,112.362,113.37,284.500,288.273,164.945,344.705,369.815,292.899,275.322,134.771,132.104,150825,3.9,62.3,31.64,11698,-0.13,353.327,359.438,585.713,334.624,225.270,216.876,,5.9
2022-03-01,112.807,114.425,287.674,289.056,164.318,346.396,372.817,295.546,303.099,137.037,133.695,151315,3.7,62.4,31.80,12301,-0.1,354.948,360.989,588.736,339.998,245.329,209.646,,6.0
2022-04-01,113.178,114.688,288.561,290.514,164.153,348.230,376.388,298.339,295.455,137.773,134.280,151623,3.7,62.2,31.96,11861,-0.13,356.680,363.062,591.756,350.551,289.163,206.194,154.0,6.1
2022-05-01,113.571,115.401,291.298,292.063,164.883,350.204,379.887,301.755,309.052,139.013,134.904,151924,3.6,62.3,32.10,11535,-0.07,358.746,365.376,594.318,353.867,321.904,207.673,,6.2
2022-06-01,114.273,116.512,294.957,294.050,165.765,352.616,384.375,304.834,330.456,140.273,135.297,152358,3.6,62.2,32.19,11283,0.0,361.281,368.216,598.067,362.001,325.190,208.687,,6.7
2022-07-01,114.658,116.65,294.913,295.088,165.911,354.680,385.096,308.193,314.345,139.837,135.872,153072,3.5,62.1,32.34,11576,-0.03,363.586,370.916,601.434,362.387,312.014,206.552,155.8,6.7
2022-08-01,115.248,116.924,295.097,296.535,166.337,357.048,387.334,310.794,298.331,139.755,136.441,153362,3.6,62.3,32.44,10092,0.03,366.085,373.597,605.182,363.910,295.112,204.837,,6.6
2022-09-01,115.727,117.307,296.349,298.226,166.600,359.601,390.623,312.901,294.103,140.200,136.643,153582,3.5,62.2,32.57,10800,0.0,368.911,376.628,609.833,370.590,294.444,203.940,,6.3
2022-10-01,116.186,117.902,298.007,299.399,166.614,362.353,390.726,315.038,299.945,140.681,136.926,153939,3.6,62.2,32.70,10447,0.07,371.331,379.291,606.869,373.364,294.147,201.171,157.6,6.3
2022-11-01,116.52,118.221,298.786,300.325,166.214,364.695,391.002,316.620,298.107,141.160,137.503,154242,3.6,62.1,32.82,10632,0.07,373.785,382.228,603.204,374.555,289.470,196.659,,6.4
2022-12-01,116.923,118.372,298.832,301.394,165.939,367.466,393.128,317.813,286.330,140.694,137.696,154342,3.5,62.3,32.94,10902,0.03,376.638,385.247,603.725,376.020,279.086,193.008,,6.2
2023-01-01,117.415,118.938,300.420,302.642,166.187,369.911,394.607,319.300,292.615,141.203,137.924,154776,3.5,62.4,33.02,10318,-0.07,378.987,387.984,600.978,379.324,274.248,190.423,159.4,6.1
2023-02-01,117.825,119.265,301.450,304.123,166.408,372.636,395.296,320.543,288.702,141.135,138.279,155066,3.6,62.5,33.15,9857,0.0,381.630,390.904,598.546,383.301,284.722,187.711,,6.1
2023-03-01,118.295,119.564,301.821,305.147,166.755,374.678,395.266,320.554,282.868,140.736,138.213,155134,3.5,62.6,33.27,9655,0.0,383.473,392.787,594.856,386.973,288.560,186.619,,6.4
2023-04-01,118.671,119.886,302.845,306.534,167.495,376.404,395.601,321.213,280.860,140.934,138.508,155375,3.4,62.6,33.43,9966,0.0,385.629,395.024,594.041,389.255,286.385,192.647,161.1,6.0
2023-05-01,119.061,120.129,303.334,307.652,168.261,378.304,395.608,322.009,274.273,140.614,138.671,155655,3.6,62.6,33.50,9368,0.03,387.629,397.025,593.773,390.610,278.395,198.793,,5.9
2023-06-01,119.35,120.41,304.014,308.322,168.061,380.155,396.648,322.365,275.712,140.698,138.702,155880,3.6,62.6,33.69,9180,0.07,389.533,398.949,593.325,392.585,264.312,197.601,,5.6
2023-07-01,119.515,120.571,304.609,308.960,167.462,381.895,397.758,323.201,275.548,141.485,139.562,156043,3.5,62.6,33.85,8657,0.1,391.463,400.741,592.422,395.366,254.654,194.701,162.8,5.7
2023-08-01,119.662,120.944,306.082,309.580,167.037,382.947,399.607,324.042,287.310,142.409,139.839,156261,3.7,62.8,33.89,9254,0.13,392.889,402.580,592.387,401.419,256.311,191.078,,5.3
2023-09-01,120.053,121.403,307.276,310.539,166.558,385.285,401.430,324.379,292.623,142.744,139.819,156417,3.7,62.7,34.01,9259,0.2,394.979,404.538,593.733,404.034,255.313,187.650,,5.2
2023-10-01,120.321,121.557,307.696,311.457,166.697,386.771,402.623,325.442,286.765,142.249,139.884,156576,3.9,62.6,34.08,8580,0.33,396.753,406.532,595.016,407.895,255.623,186.879,164.4,5.1
2023-11-01,120.525,121.636,308.148,312.392,166.254,388.525,404.864,325.930,282.146,142.334,140.182,156703,3.7,62.8,34.17,8602,0.3,398.791,408.511,597.882,412.515,254.397,189.444,,5.0
2023-12-01,120.694,121.76,308.741,313.195,166.117,390.139,406.716,326.434,280.763,142.165,140.138,156857,3.8,62.5,34.29,8520,0.23,400.545,410.156,600.691,412.184,252.300,190.570,,5.2
2024-01-01,121.201,122.206,309.698,314.319,165.637,392.322,408.655,327.424,279.953,142.576,140.679,157032,3.7,62.5,34.47,8378,0.2,402.591,411.600,604.626,415.761,255.911,183.189,166.2,5.1
2024-02-01,121.57,122.613,310.967,315.564,165.903,394.078,410.746,327.707,283.331,143.356,141.179,157238,3.9,62.6,34.52,8440,0.27,404.441,413.427,605.065,421.549,267.056,185.254,,5.0
2024-03-01,122.016,123.093,312.345,316.792,165.775,395.827,413.963,327.774,288.688,143.521,141.347,157466,3.9,62.7,34.65,8206,0.3,406.121,415.080,607.643,428.464,267.833,184.600,,4.7
2024-04-01,122.252,123.289,313.023,317.649,165.598,397.196,414.637,328.449,287.611,144.197,142.038,157530,3.9,62.6,34.76,7529,0.37,407.788,416.490,609.702,432.501,269.466,181.983,167.6,5.3
2024-05-01,122.406,123.369,313.175,318.095,165.375,398.689,415.268,328.949,284.165,144.224,142.411,157608,3.9,62.6,34.89,7782,0.37,409.530,418.100,611.828,430.721,261.878,180.577,,5.2
2024-06-01,122.667,123.504,313.044,318.390,165.079,399.699,415.676,329.600,278.284,144.869,143.263,157695,4.1,62.6,35.01,7416,0.43,410.765,419.223,612.629,428.961,251.325,177.965,,5.3
2024-07-01,122.872,123.701,313.569,318.940,164.669,401.139,416.260,330.329,278.287,144.922,143.186,157748,4.2,62.7,35.08,7426,0.53,412.240,421.138,611.874,430.228,248.253,175.308,168.9,4.7
2024-08-01,123.135,123.891,314.062,319.750,164.399,402.895,417.027,330.748,275.706,145.409,143.810,157757,4.2,62.7,35.22,7520,0.57,414.013,422.556,611.637,433.523,253.357,174.703,,4.7
2024-09-01,123.462,124.146,314.732,320.732,164.634,403.956,419.211,331.753,272.681,145.803,144.442,157912,4.1,62.7,35.34,6943,0.5,415.507,423.858,615.341,438.988,259.306,175.834,,4.8
2024-10-01,123.816,124.482,315.631,321.731,164.698,405.721,420.863,332.463,273.003,146.294,144.913,157945,4.1,62.5,35.46,7379,0.43,417.356,425.235,617.892,441.339,266.413,177.734,170.5,4.7
2024-11-01,123.989,124.666,316.528,322.657,165.018,407.114,421.622,333.629,273.281,146.447,144.908,158079,4.2,62.4,35.60,7566,0.43,418.447,426.342,620.054,441.797,266.723,179.904,,4.4
2024-12-01,124.198,124.984,317.604,323.259,165.006,408.165,423.101,334.464,279.829,147.052,145.369,158316,4.1,62.5,35.69,7295,0.4,419.793,427.680,620.911,442.690,271.742,181.705,,4.2
2025-01-01,124.609,125.423,318.961,324.638,165.508,409.579,424.748,335.441,282.272,147.975,146.179,158268,4.0,62.6,35.84,7431,0.37,421.094,429.087,620.949,449.760,273.591,184.891,171.8,4.2
2025-02-01,125.002,125.77,319.679,325.465,165.832,410.793,426.251,336.065,282.096,148.233,146.429,158310,4.2,62.5,35.94,7242,0.27,422.360,430.318,623.344,446.782,264.821,186.557,,4.3
2025-03-01,125.144,125.869,319.785,325.690,165.719,411.639,427.439,337.331,278.906,148.055,146.691,158377,4.2,62.5,36.11,6952,0.27,423.921,431.645,625.993,441.655,253.357,185.728,,4.3
2025-04-01,125.524,126.163,320.302,326.467,165.870,413.040,428.420,337.493,277.343,147.655,146.385,158485,4.2,62.6,36.12,7098,0.27,425.341,433.043,628.719,442.689,247.922,184.800,173.563,4.3
2025-05-01,125.818,126.408,320.620,326.893,165.807,414.109,429.840,338.474,275.377,148.153,146.947,158498,4.3,62.4,36.28,7310,0.27,426.530,434.038,629.926,441.615,242.546,183.664,,4.3
2025-06-01,126.133,126.73,321.435,327.658,166.114,414.981,431.567,339.468,276.558,148.393,147.115,158478,4.1,62.3,36.36,7204,0.17,427.833,435.033,633.057,442.801,243.370,182.833,,4.1
2025-07-01,126.363,126.906,322.169,328.682,166.468,415.931,433.065,339.891,274.850,149.597,148.281,158542,4.3,62.2,36.47,7089,0.1,429.015,436.050,638.219,445.555,250.748,183.746,174.948,4.1
2025-08-01,126.646,127.229,323.291,329.700,166.838,417.555,433.888,341.320,276.734,149.327,148.001,158472,4.3,62.3,36.62,6919,0.13,430.456,437.294,637.729,449.479,261.928,185.259,,4.0
2025-09-01,126.94,127.601,324.245,330.418,167.170,418.422,434.715,342.086,280.700,150.245,148.767,158548,4.4,62.5,36.70,7169,0.23,431.132,438.237,639.233,450.732,267.046,184.869,,4.2
2025-10-01,127.165,127.79,,,,,,,,150.439,149.219,158408,,,36.85,7170,,,,,,,186.111,176.233,
2025-11-01,127.363,128.045,325.063,331.043,167.272,419.431,436.553,342.386,284.648,151.054,149.594,158449,4.5,62.5,37.00,6846,0.43,432.524,439.002,640.487,448.091,253.063,186.298,,4.0
2025-12-01,127.765,128.455,326.031,331.814,167.325,421.039,437.563,344.632,285.624,151.592,150.350,158432,4.4,62.4,37.02,6550,0.35,433.884,440.189,642.832,449.949,262.573,184.668,,3.7
2026-01-01,128.27,128.845,326.588,332.793,167.394,421.965,439.084,345.271,281.436,152.468,151.600,158592,4.3,62.1,37.15,7240,0.3,434.837,441.285,644.926,456.032,279.693,181.269,177.498,3.6
2026-02-01,128.701,129.293,327.460,333.512,167.530,422.942,440.321,346.622,283.223,153.204,152.033,158436,4.4,62.0,37.27,6922,0.27,435.813,441.865,648.884,457.108,283.495,180.589,,3.7
2026-03-01,129.03,130.105,330.293,334.165,167.710,424.069,441.793,346.603,314.019,154.393,152.471,158650,4.3,61.9,37.35,6887,0.2,437.051,442.705,648.945,459.912,291.073,179.830,,3.9
2026-04-01,129.395,130.672,332.407,335.423,167.767,426.642,443.493,348.349,325.978,156.061,153.594,158798,4.3,61.8,37.41,7585,0.13,439.379,445.118,648.916,461.434,299.267,179.822,179.010,3.6
2026-05-01,129.796,131.241,333.979,336.121,167.575,427.998,445.925,348.892,338.639,156.864,153.567,158861,4.3,61.8,37.49,7537,0.1,440.683,446.729,652.345,458.772,307.305,180.005,,3.5
2026-06-01,129.969,131.106,332.568,336.065,167.431,428.501,445.144,349.609,319.290,156.667,154.183,158892,4.2,61.5,37.59,7182,0.07,441.741,447.397,651.533,457.169,307.963,179.591,,3.6
2026-07-01,130.133,131.172,332.813,336.789,167.762,429.095,445.996,349.881,314.553,156.784,154.592,158882,4.1,61.4,37.64,7335,-0.03,442.888,448.542,655.160,458.462,314.803,180.306,,3.8
2026-08-01,130.455,131.579,334.131,337.765,167.939,430.227,447.357,350.309,321.148,157.411,154.842,159015,4.1,61.6,37.76,7079,-0.07,443.713,449.321,653.532,460.542,323.244,180.965,,4.1
2026-09-01,,,,,,,,,,,,159044,4.2,61.8,37.81,,0.0,,,,,,,,
