date,measure,ref,actual,prior,revised,rev2
2023-06-01,claims,2023-05-27,232.0,,230.0,
2023-06-02,ahe_mm,2023-05-01,0.3,,0.4,
2023-06-02,nfp,2023-05-01,339,,294,
2023-06-02,unrate,2023-05-01,3.7,,3.4,
2023-06-08,claims,2023-06-03,261.0,232.0,233.0,
2023-06-13,core_cpi_mm,2023-05-01,0.4,,0.4,
2023-06-13,cpi_mm,2023-05-01,0.1,,0.4,
2023-06-13,cpi_yy,2023-05-01,4.0,,4.9,
2023-06-14,core_ppi_mm,2023-05-01,0.2,,0.2,
2023-06-14,ppi_mm,2023-05-01,-0.3,,0.2,
2023-06-15,claims,2023-06-10,262.0,261.0,262.0,
2023-06-22,claims,2023-06-17,264.0,262.0,264.0,
2023-06-29,claims,2023-06-24,239.0,264.0,265.0,
2023-06-30,core_pce_mm,2023-05-01,0.3,,0.4,
2023-07-06,claims,2023-07-01,248.0,239.0,236.0,
2023-07-07,ahe_mm,2023-06-01,0.4,0.3,0.4,
2023-07-07,nfp,2023-06-01,209,339,306,-110
2023-07-07,unrate,2023-06-01,3.6,3.7,3.7,
2023-07-12,core_cpi_mm,2023-06-01,0.2,0.4,0.4,
2023-07-12,cpi_mm,2023-06-01,0.2,0.1,0.1,
2023-07-12,cpi_yy,2023-06-01,3.0,4.0,4.0,
2023-07-13,claims,2023-07-08,237.0,248.0,249.0,
2023-07-13,core_ppi_mm,2023-06-01,0.1,0.2,0.1,
2023-07-13,ppi_mm,2023-06-01,0.1,-0.3,-0.4,
2023-07-20,claims,2023-07-15,228.0,237.0,237.0,
2023-07-27,claims,2023-07-22,221.0,228.0,228.0,
2023-07-28,core_pce_mm,2023-06-01,0.2,0.3,0.3,
2023-08-03,claims,2023-07-29,227.0,221.0,221.0,
2023-08-04,ahe_mm,2023-07-01,0.4,0.4,0.4,
2023-08-04,nfp,2023-07-01,187,209,185,-49
2023-08-04,unrate,2023-07-01,3.5,3.6,3.6,
2023-08-10,claims,2023-08-05,248.0,227.0,227.0,
2023-08-10,core_cpi_mm,2023-07-01,0.2,0.2,0.2,
2023-08-10,cpi_mm,2023-07-01,0.2,0.2,0.2,
2023-08-10,cpi_yy,2023-07-01,3.2,3.0,3.0,
2023-08-11,core_ppi_mm,2023-07-01,0.3,0.1,-0.1,
2023-08-11,ppi_mm,2023-07-01,0.3,0.1,0.0,
2023-08-17,claims,2023-08-12,239.0,248.0,250.0,
2023-08-24,claims,2023-08-19,230.0,239.0,240.0,
2023-08-31,claims,2023-08-26,228.0,230.0,232.0,
2023-08-31,core_pce_mm,2023-07-01,0.2,0.2,0.2,
2023-09-01,ahe_mm,2023-08-01,0.2,0.4,0.4,
2023-09-01,nfp,2023-08-01,187,187,157,-110
2023-09-01,unrate,2023-08-01,3.8,3.5,3.5,
2023-09-07,claims,2023-09-02,216.0,228.0,229.0,
2023-09-13,core_cpi_mm,2023-08-01,0.3,0.2,0.2,
2023-09-13,cpi_mm,2023-08-01,0.6,0.2,0.2,
2023-09-13,cpi_yy,2023-08-01,3.7,3.2,3.2,
2023-09-14,claims,2023-09-09,220.0,216.0,217.0,
2023-09-14,core_ppi_mm,2023-08-01,0.2,0.3,0.4,
2023-09-14,ppi_mm,2023-08-01,0.7,0.3,0.4,
2023-09-21,claims,2023-09-16,201.0,220.0,221.0,
2023-09-28,claims,2023-09-23,204.0,201.0,202.0,
2023-09-29,core_pce_mm,2023-08-01,0.1,0.2,0.2,
2023-10-05,claims,2023-09-30,207.0,204.0,205.0,
2023-10-06,ahe_mm,2023-09-01,0.2,0.2,0.2,
2023-10-06,nfp,2023-09-01,336,187,227,119
2023-10-06,unrate,2023-09-01,3.8,3.8,3.8,
2023-10-11,core_ppi_mm,2023-09-01,0.3,0.2,0.2,
2023-10-11,ppi_mm,2023-09-01,0.5,0.7,0.7,
2023-10-12,claims,2023-10-07,209.0,207.0,209.0,
2023-10-12,core_cpi_mm,2023-09-01,0.3,0.3,0.3,
2023-10-12,cpi_mm,2023-09-01,0.4,0.6,0.6,
2023-10-12,cpi_yy,2023-09-01,3.7,3.7,3.7,
2023-10-19,claims,2023-10-14,198.0,209.0,211.0,
2023-10-26,claims,2023-10-21,210.0,198.0,200.0,
2023-10-27,core_pce_mm,2023-09-01,0.3,0.1,0.1,
2023-11-02,claims,2023-10-28,217.0,210.0,212.0,
2023-11-03,ahe_mm,2023-10-01,0.2,0.2,0.3,
2023-11-03,nfp,2023-10-01,150,336,297,-101
2023-11-03,unrate,2023-10-01,3.9,3.8,3.8,
2023-11-09,claims,2023-11-04,217.0,217.0,220.0,
2023-11-14,core_cpi_mm,2023-10-01,0.2,0.3,0.3,
2023-11-14,cpi_mm,2023-10-01,0.0,0.4,0.4,
2023-11-14,cpi_yy,2023-10-01,3.2,3.7,3.7,
2023-11-15,core_ppi_mm,2023-10-01,0.0,0.3,0.2,
2023-11-15,ppi_mm,2023-10-01,-0.5,0.5,0.4,
2023-11-16,claims,2023-11-11,231.0,217.0,218.0,
2023-11-22,claims,2023-11-18,209.0,231.0,233.0,
2023-11-30,claims,2023-11-25,218.0,209.0,211.0,
2023-11-30,core_pce_mm,2023-10-01,0.2,0.3,0.3,
2023-12-07,claims,2023-12-02,220.0,218.0,219.0,
2023-12-08,ahe_mm,2023-11-01,0.4,0.2,0.2,
2023-12-08,nfp,2023-11-01,199,150,150,-35
2023-12-08,unrate,2023-11-01,3.7,3.9,3.9,
2023-12-12,core_cpi_mm,2023-11-01,0.3,0.2,0.2,
2023-12-12,cpi_mm,2023-11-01,0.1,0.0,0.0,
2023-12-12,cpi_yy,2023-11-01,3.1,3.2,3.2,
2023-12-13,core_ppi_mm,2023-11-01,0.0,0.0,0.0,
2023-12-13,ppi_mm,2023-11-01,0.0,-0.5,-0.4,
2023-12-14,claims,2023-12-09,202.0,220.0,221.0,
2023-12-21,claims,2023-12-16,205.0,202.0,203.0,
2023-12-22,core_pce_mm,2023-11-01,0.1,0.2,0.1,
2023-12-28,claims,2023-12-23,218.0,205.0,206.0,
2024-01-04,claims,2023-12-30,202.0,218.0,220.0,
2024-01-05,ahe_mm,2023-12-01,0.4,0.4,0.4,
2024-01-05,nfp,2023-12-01,216,199,173,-71
2024-01-05,unrate,2023-12-01,3.7,3.7,3.7,
2024-01-11,claims,2024-01-06,202.0,202.0,203.0,
2024-01-11,core_cpi_mm,2023-12-01,0.3,0.3,0.3,
2024-01-11,cpi_mm,2023-12-01,0.3,0.1,0.1,
2024-01-11,cpi_yy,2023-12-01,3.4,3.1,3.1,
2024-01-12,core_ppi_mm,2023-12-01,0.0,0.0,0.0,
2024-01-12,ppi_mm,2023-12-01,-0.1,0.0,-0.1,
2024-01-18,claims,2024-01-13,187.0,202.0,203.0,
2024-01-25,claims,2024-01-20,214.0,187.0,189.0,
2024-01-26,core_pce_mm,2023-12-01,0.2,0.1,0.1,
2024-02-01,claims,2024-01-27,224.0,214.0,215.0,
2024-02-02,ahe_mm,2024-01-01,0.6,0.4,0.4,
2024-02-02,nfp,2024-01-01,353,216,333,126
2024-02-02,unrate,2024-01-01,3.7,3.7,3.7,
2024-02-08,claims,2024-02-03,218.0,224.0,227.0,
2024-02-13,core_cpi_mm,2024-01-01,0.4,0.3,0.3,
2024-02-13,cpi_mm,2024-01-01,0.3,0.3,0.2,
2024-02-13,cpi_yy,2024-01-01,3.1,3.4,3.4,
2024-02-15,claims,2024-02-10,212.0,218.0,220.0,
2024-02-16,core_ppi_mm,2024-01-01,0.5,0.0,-0.1,
2024-02-16,ppi_mm,2024-01-01,0.3,-0.1,-0.1,
2024-02-22,claims,2024-02-17,201.0,212.0,213.0,
2024-02-29,claims,2024-02-24,215.0,201.0,202.0,
2024-02-29,core_pce_mm,2024-01-01,0.4,0.2,0.1,
2024-03-07,claims,2024-03-02,217.0,215.0,217.0,
2024-03-08,ahe_mm,2024-02-01,0.1,0.6,0.5,
2024-03-08,nfp,2024-02-01,275,353,229,-167
2024-03-08,unrate,2024-02-01,3.9,3.7,3.7,
2024-03-12,core_cpi_mm,2024-02-01,0.4,0.4,0.4,
2024-03-12,cpi_mm,2024-02-01,0.4,0.3,0.3,
2024-03-12,cpi_yy,2024-02-01,3.2,3.1,3.1,
2024-03-14,claims,2024-03-09,209.0,217.0,210.0,
2024-03-14,core_ppi_mm,2024-02-01,0.3,0.5,0.5,
2024-03-14,ppi_mm,2024-02-01,0.6,0.3,0.3,
2024-03-21,claims,2024-03-16,210.0,209.0,212.0,
2024-03-28,claims,2024-03-23,210.0,210.0,212.0,
2024-03-29,core_pce_mm,2024-02-01,0.3,0.4,0.5,
2024-04-04,claims,2024-03-30,221.0,210.0,212.0,
2024-04-05,ahe_mm,2024-03-01,0.3,0.1,0.2,
2024-04-05,nfp,2024-03-01,303,275,270,22
2024-04-05,unrate,2024-03-01,3.8,3.9,3.9,
2024-04-10,core_cpi_mm,2024-03-01,0.4,0.4,0.4,
2024-04-10,cpi_mm,2024-03-01,0.4,0.4,0.4,
2024-04-10,cpi_yy,2024-03-01,3.5,3.2,3.2,
2024-04-11,claims,2024-04-06,211.0,221.0,222.0,
2024-04-11,core_ppi_mm,2024-03-01,0.2,0.3,0.3,
2024-04-11,ppi_mm,2024-03-01,0.2,0.6,0.6,
2024-04-18,claims,2024-04-13,212.0,211.0,212.0,
2024-04-25,claims,2024-04-20,207.0,212.0,212.0,
2024-04-26,core_pce_mm,2024-03-01,0.3,0.3,0.3,
2024-05-02,claims,2024-04-27,208.0,207.0,208.0,
2024-05-03,ahe_mm,2024-04-01,0.2,0.3,0.3,
2024-05-03,nfp,2024-04-01,175,303,315,-22
2024-05-03,unrate,2024-04-01,3.9,3.8,3.8,
2024-05-09,claims,2024-05-04,231.0,208.0,209.0,
2024-05-14,core_ppi_mm,2024-04-01,0.5,0.2,-0.1,
2024-05-14,ppi_mm,2024-04-01,0.5,0.2,-0.1,
2024-05-15,core_cpi_mm,2024-04-01,0.3,0.4,0.4,
2024-05-15,cpi_mm,2024-04-01,0.3,0.4,0.4,
2024-05-15,cpi_yy,2024-04-01,3.4,3.5,3.5,
2024-05-16,claims,2024-05-11,222.0,231.0,232.0,
2024-05-23,claims,2024-05-18,215.0,222.0,223.0,
2024-05-30,claims,2024-05-25,219.0,215.0,216.0,
2024-05-31,core_pce_mm,2024-04-01,0.2,0.3,0.3,
2024-06-06,claims,2024-06-01,229.0,219.0,221.0,
2024-06-07,ahe_mm,2024-05-01,0.4,0.2,0.2,
2024-06-07,nfp,2024-05-01,272,175,165,-15
2024-06-07,unrate,2024-05-01,4.0,3.9,3.9,
2024-06-12,core_cpi_mm,2024-05-01,0.2,0.3,0.3,
2024-06-12,cpi_mm,2024-05-01,0.0,0.3,0.3,
2024-06-12,cpi_yy,2024-05-01,3.3,3.4,3.4,
2024-06-13,claims,2024-06-08,242.0,229.0,229.0,
2024-06-13,core_ppi_mm,2024-05-01,0.0,0.5,0.5,
2024-06-13,ppi_mm,2024-05-01,-0.2,0.5,0.5,
2024-06-20,claims,2024-06-15,238.0,242.0,243.0,
2024-06-27,claims,2024-06-22,233.0,238.0,239.0,
2024-06-28,core_pce_mm,2024-05-01,0.1,0.2,0.3,
2024-07-03,claims,2024-06-29,238.0,233.0,234.0,
2024-07-05,ahe_mm,2024-06-01,0.3,0.4,0.4,
2024-07-05,nfp,2024-06-01,206,272,218,-111
2024-07-05,unrate,2024-06-01,4.1,4.0,4.0,
2024-07-11,claims,2024-07-06,222.0,238.0,239.0,
2024-07-11,core_cpi_mm,2024-06-01,0.1,0.2,0.2,
2024-07-11,cpi_mm,2024-06-01,-0.1,0.0,0.0,
2024-07-11,cpi_yy,2024-06-01,3.0,3.3,3.3,
2024-07-12,core_ppi_mm,2024-06-01,0.4,0.0,0.3,
2024-07-12,ppi_mm,2024-06-01,0.2,-0.2,0.0,
2024-07-18,claims,2024-07-13,243.0,222.0,223.0,
2024-07-25,claims,2024-07-20,235.0,243.0,245.0,
2024-07-26,core_pce_mm,2024-06-01,0.2,0.1,0.1,
2024-08-01,claims,2024-07-27,249.0,235.0,235.0,
2024-08-02,ahe_mm,2024-07-01,0.2,0.3,0.3,
2024-08-02,nfp,2024-07-01,114,206,179,-29
2024-08-02,unrate,2024-07-01,4.3,4.1,4.1,
2024-08-08,claims,2024-08-03,233.0,249.0,250.0,
2024-08-13,core_ppi_mm,2024-07-01,0.0,0.4,0.3,
2024-08-13,ppi_mm,2024-07-01,0.1,0.2,0.2,
2024-08-14,core_cpi_mm,2024-07-01,0.2,0.1,0.1,
2024-08-14,cpi_mm,2024-07-01,0.2,-0.1,-0.1,
2024-08-14,cpi_yy,2024-07-01,2.9,3.0,3.0,
2024-08-15,claims,2024-08-10,227.0,233.0,234.0,
2024-08-22,claims,2024-08-17,232.0,227.0,228.0,
2024-08-29,claims,2024-08-24,231.0,232.0,233.0,
2024-08-30,core_pce_mm,2024-07-01,0.2,0.2,0.2,
2024-09-05,claims,2024-08-31,227.0,231.0,232.0,
2024-09-06,ahe_mm,2024-08-01,0.4,0.2,0.2,
2024-09-06,nfp,2024-08-01,142,114,89,-86
2024-09-06,unrate,2024-08-01,4.2,4.3,4.3,
2024-09-11,core_cpi_mm,2024-08-01,0.3,0.2,0.2,
2024-09-11,cpi_mm,2024-08-01,0.2,0.2,0.2,
2024-09-11,cpi_yy,2024-08-01,2.5,2.9,2.9,
2024-09-12,claims,2024-09-07,230.0,227.0,228.0,
2024-09-12,core_ppi_mm,2024-08-01,0.3,0.0,-0.2,
2024-09-12,ppi_mm,2024-08-01,0.2,0.1,0.0,
2024-09-19,claims,2024-09-14,219.0,230.0,231.0,
2024-09-26,claims,2024-09-21,218.0,219.0,222.0,
2024-09-27,core_pce_mm,2024-08-01,0.1,0.2,0.2,
2024-10-03,claims,2024-09-28,225.0,218.0,219.0,
2024-10-04,ahe_mm,2024-09-01,0.4,0.4,0.5,
2024-10-04,nfp,2024-09-01,254,142,159,72
2024-10-04,unrate,2024-09-01,4.1,4.2,4.2,
2024-10-10,claims,2024-10-05,258.0,225.0,225.0,
2024-10-10,core_cpi_mm,2024-09-01,0.3,0.3,0.3,
2024-10-10,cpi_mm,2024-09-01,0.2,0.2,0.2,
2024-10-10,cpi_yy,2024-09-01,2.4,2.5,2.5,
2024-10-11,core_ppi_mm,2024-09-01,0.2,0.3,0.3,
2024-10-11,ppi_mm,2024-09-01,0.0,0.2,0.2,
2024-10-17,claims,2024-10-12,241.0,258.0,260.0,
2024-10-24,claims,2024-10-19,227.0,241.0,242.0,
2024-10-31,claims,2024-10-26,216.0,227.0,228.0,
2024-10-31,core_pce_mm,2024-09-01,0.3,0.1,0.2,
2024-11-01,ahe_mm,2024-10-01,0.4,0.4,0.3,
2024-11-01,nfp,2024-10-01,12,254,223,-112
2024-11-01,unrate,2024-10-01,4.1,4.1,4.1,
2024-11-07,claims,2024-11-02,221.0,216.0,218.0,
2024-11-13,core_cpi_mm,2024-10-01,0.3,0.3,0.3,
2024-11-13,cpi_mm,2024-10-01,0.2,0.2,0.2,
2024-11-13,cpi_yy,2024-10-01,2.6,2.4,2.4,
2024-11-14,claims,2024-11-09,217.0,221.0,221.0,
2024-11-14,core_ppi_mm,2024-10-01,0.3,0.2,0.2,
2024-11-14,ppi_mm,2024-10-01,0.2,0.0,0.1,
2024-11-21,claims,2024-11-16,213.0,217.0,219.0,
2024-11-27,claims,2024-11-23,213.0,213.0,215.0,
2024-11-27,core_pce_mm,2024-10-01,0.3,0.3,0.3,
2024-12-05,claims,2024-11-30,224.0,213.0,215.0,
2024-12-06,ahe_mm,2024-11-01,0.4,0.4,0.4,
2024-12-06,nfp,2024-11-01,227,12,36,56
2024-12-06,unrate,2024-11-01,4.2,4.1,4.1,
2024-12-11,core_cpi_mm,2024-11-01,0.3,0.3,0.3,
2024-12-11,cpi_mm,2024-11-01,0.3,0.2,0.2,
2024-12-11,cpi_yy,2024-11-01,2.7,2.6,2.6,
2024-12-12,claims,2024-12-07,242.0,224.0,225.0,
2024-12-12,core_ppi_mm,2024-11-01,0.2,0.3,0.3,
2024-12-12,ppi_mm,2024-11-01,0.4,0.2,0.3,
2024-12-19,claims,2024-12-14,220.0,242.0,242.0,
2024-12-20,core_pce_mm,2024-11-01,0.1,0.3,0.3,
2024-12-26,claims,2024-12-21,219.0,220.0,220.0,
2025-01-02,claims,2024-12-28,211.0,219.0,220.0,
2025-01-08,claims,2025-01-04,201.0,211.0,211.0,
2025-01-10,ahe_mm,2024-12-01,0.3,0.4,0.4,
2025-01-10,nfp,2024-12-01,256,227,212,-8
2025-01-10,unrate,2024-12-01,4.1,4.2,4.2,
2025-01-14,core_ppi_mm,2024-12-01,0.0,0.2,0.2,
2025-01-14,ppi_mm,2024-12-01,0.2,0.4,0.4,
2025-01-15,core_cpi_mm,2024-12-01,0.2,0.3,0.3,
2025-01-15,cpi_mm,2024-12-01,0.4,0.3,0.3,
2025-01-15,cpi_yy,2024-12-01,2.9,2.7,2.7,
2025-01-16,claims,2025-01-11,217.0,201.0,203.0,
2025-01-23,claims,2025-01-18,223.0,217.0,217.0,
2025-01-30,claims,2025-01-25,207.0,223.0,223.0,
2025-01-31,core_pce_mm,2024-12-01,0.2,0.1,0.1,
2025-02-06,claims,2025-02-01,219.0,207.0,208.0,
2025-02-07,ahe_mm,2025-01-01,0.5,0.3,0.3,
2025-02-07,nfp,2025-01-01,143,256,307,100
2025-02-07,unrate,2025-01-01,4.0,4.1,4.1,
2025-02-12,core_cpi_mm,2025-01-01,0.4,0.2,0.2,
2025-02-12,cpi_mm,2025-01-01,0.5,0.4,0.4,
2025-02-12,cpi_yy,2025-01-01,3.0,2.9,2.9,
2025-02-13,claims,2025-02-08,213.0,219.0,220.0,
2025-02-13,core_ppi_mm,2025-01-01,0.3,0.0,0.4,
2025-02-13,ppi_mm,2025-01-01,0.4,0.2,0.5,
2025-02-20,claims,2025-02-15,219.0,213.0,214.0,
2025-02-27,claims,2025-02-22,242.0,219.0,220.0,
2025-02-28,core_pce_mm,2025-01-01,0.3,0.2,0.2,
2025-03-06,claims,2025-03-01,221.0,242.0,242.0,
2025-03-07,ahe_mm,2025-02-01,0.3,0.5,0.4,
2025-03-07,nfp,2025-02-01,151,143,125,-2
2025-03-07,unrate,2025-02-01,4.1,4.0,4.0,
2025-03-12,core_cpi_mm,2025-02-01,0.2,0.4,0.4,
2025-03-12,cpi_mm,2025-02-01,0.2,0.5,0.5,
2025-03-12,cpi_yy,2025-02-01,2.8,3.0,3.0,
2025-03-13,claims,2025-03-08,220.0,221.0,222.0,
2025-03-13,core_ppi_mm,2025-02-01,-0.1,0.3,0.5,
2025-03-13,ppi_mm,2025-02-01,0.0,0.4,0.6,
2025-03-20,claims,2025-03-15,223.0,220.0,221.0,
2025-03-27,claims,2025-03-22,224.0,223.0,225.0,
2025-03-28,core_pce_mm,2025-02-01,0.4,0.3,0.3,
2025-04-03,claims,2025-03-29,219.0,224.0,225.0,
2025-04-04,ahe_mm,2025-03-01,0.3,0.3,0.2,
2025-04-04,nfp,2025-03-01,228,151,117,-48
2025-04-04,unrate,2025-03-01,4.2,4.1,4.1,
2025-04-10,claims,2025-04-05,223.0,219.0,219.0,
2025-04-10,core_cpi_mm,2025-03-01,0.1,0.2,0.2,
2025-04-10,cpi_mm,2025-03-01,-0.1,0.2,0.2,
2025-04-10,cpi_yy,2025-03-01,2.4,2.8,2.8,
2025-04-11,core_ppi_mm,2025-03-01,-0.1,-0.1,0.1,
2025-04-11,ppi_mm,2025-03-01,-0.4,0.0,0.1,
2025-04-17,claims,2025-04-12,215.0,223.0,224.0,
2025-04-24,claims,2025-04-19,222.0,215.0,216.0,
2025-04-30,core_pce_mm,2025-03-01,0.0,0.4,0.5,
2025-05-01,claims,2025-04-26,241.0,222.0,223.0,
2025-05-02,ahe_mm,2025-04-01,0.2,0.3,0.3,
2025-05-02,nfp,2025-04-01,177,228,185,-58
2025-05-02,unrate,2025-04-01,4.2,4.2,4.2,
2025-05-08,claims,2025-05-03,228.0,241.0,241.0,
2025-05-13,core_cpi_mm,2025-04-01,0.2,0.1,0.1,
2025-05-13,cpi_mm,2025-04-01,0.2,-0.1,-0.1,
2025-05-13,cpi_yy,2025-04-01,2.3,2.4,2.4,
2025-05-15,claims,2025-05-10,229.0,228.0,229.0,
2025-05-15,core_ppi_mm,2025-04-01,-0.4,-0.1,0.4,
2025-05-15,ppi_mm,2025-04-01,-0.5,-0.4,0.0,
2025-05-22,claims,2025-05-17,227.0,229.0,229.0,
2025-05-29,claims,2025-05-24,240.0,227.0,226.0,
2025-05-30,core_pce_mm,2025-04-01,0.1,0.0,0.1,
2025-06-05,claims,2025-05-31,247.0,240.0,239.0,
2025-06-06,ahe_mm,2025-05-01,0.4,0.2,0.2,
2025-06-06,nfp,2025-05-01,139,177,147,-95
2025-06-06,unrate,2025-05-01,4.2,4.2,4.2,
2025-06-11,core_cpi_mm,2025-05-01,0.1,0.2,0.2,
2025-06-11,cpi_mm,2025-05-01,0.1,0.2,0.2,
2025-06-11,cpi_yy,2025-05-01,2.4,2.3,2.3,
2025-06-12,claims,2025-06-07,248.0,247.0,248.0,
2025-06-12,core_ppi_mm,2025-05-01,0.1,-0.4,-0.2,
2025-06-12,ppi_mm,2025-05-01,0.1,-0.5,-0.2,
2025-06-18,claims,2025-06-14,245.0,248.0,250.0,
2025-06-26,claims,2025-06-21,236.0,245.0,246.0,
2025-06-27,core_pce_mm,2025-05-01,0.2,0.1,0.1,
2025-07-03,ahe_mm,2025-06-01,0.2,0.4,0.4,
2025-07-03,claims,2025-06-28,233.0,236.0,237.0,
2025-07-03,nfp,2025-06-01,147,139,144,16
2025-07-03,unrate,2025-06-01,4.1,4.2,4.2,
2025-07-10,claims,2025-07-05,227.0,233.0,232.0,
2025-07-15,core_cpi_mm,2025-06-01,0.2,0.1,0.1,
2025-07-15,cpi_mm,2025-06-01,0.3,0.1,0.1,
2025-07-15,cpi_yy,2025-06-01,2.7,2.4,2.4,
2025-07-16,core_ppi_mm,2025-06-01,0.0,0.1,0.4,
2025-07-16,ppi_mm,2025-06-01,0.0,0.1,0.3,
2025-07-17,claims,2025-07-12,221.0,227.0,228.0,
2025-07-24,claims,2025-07-19,217.0,221.0,221.0,
2025-07-31,claims,2025-07-26,218.0,217.0,217.0,
2025-07-31,core_pce_mm,2025-06-01,0.3,0.2,0.2,
2025-08-01,ahe_mm,2025-07-01,0.3,0.2,0.2,
2025-08-01,nfp,2025-07-01,73,147,14,-258
2025-08-01,unrate,2025-07-01,4.2,4.1,4.1,
2025-08-07,claims,2025-08-02,226.0,218.0,219.0,
2025-08-12,core_cpi_mm,2025-07-01,0.3,0.2,0.2,
2025-08-12,cpi_mm,2025-07-01,0.2,0.3,0.3,
2025-08-12,cpi_yy,2025-07-01,2.7,2.7,2.7,
2025-08-14,claims,2025-08-09,224.0,226.0,227.0,
2025-08-14,core_ppi_mm,2025-07-01,0.9,0.0,0.0,
2025-08-14,ppi_mm,2025-07-01,0.9,0.0,0.0,
2025-08-21,claims,2025-08-16,235.0,224.0,224.0,
2025-08-28,claims,2025-08-23,229.0,235.0,234.0,
2025-08-29,core_pce_mm,2025-07-01,0.3,0.3,0.3,
2025-09-04,claims,2025-08-30,237.0,229.0,229.0,
2025-09-05,ahe_mm,2025-08-01,0.3,0.3,0.3,
2025-09-05,nfp,2025-08-01,22,73,79,-21
2025-09-05,unrate,2025-08-01,4.3,4.2,4.2,
2025-09-10,core_ppi_mm,2025-08-01,-0.1,0.9,0.7,
2025-09-10,ppi_mm,2025-08-01,-0.1,0.9,0.7,
2025-09-11,claims,2025-09-06,263.0,237.0,236.0,
2025-09-11,core_cpi_mm,2025-08-01,0.3,0.3,0.3,
2025-09-11,cpi_mm,2025-08-01,0.4,0.2,0.2,
2025-09-11,cpi_yy,2025-08-01,2.9,2.7,2.7,
2025-09-18,claims,2025-09-13,231.0,263.0,264.0,
2025-09-25,claims,2025-09-20,218.0,231.0,232.0,
2025-09-26,core_pce_mm,2025-08-01,0.2,0.3,0.2,
2025-10-24,core_cpi_mm,2025-09-01,0.2,0.3,0.3,
2025-10-24,cpi_mm,2025-09-01,0.3,0.4,0.4,
2025-10-24,cpi_yy,2025-09-01,3.0,2.9,2.9,
2025-11-20,ahe_mm,2025-09-01,0.2,0.3,0.4,
2025-11-20,claims,2025-11-15,220.0,,228.0,
2025-11-20,nfp,2025-09-01,119,22,-4,-33
2025-11-20,unrate,2025-09-01,4.4,4.3,4.3,
2025-11-25,core_ppi_mm,2025-09-01,0.1,-0.1,-0.1,
2025-11-25,ppi_mm,2025-09-01,0.3,-0.1,-0.1,
2025-11-26,claims,2025-11-22,216.0,220.0,222.0,
2025-12-04,claims,2025-11-29,191.0,216.0,218.0,
2025-12-05,core_pce_mm,2025-09-01,0.2,0.2,0.2,
2025-12-11,claims,2025-12-06,236.0,191.0,192.0,
2025-12-16,ahe_mm,2025-11-01,0.1,,0.4,
2025-12-16,nfp,2025-11-01,64,,-105,
2025-12-16,unrate,2025-11-01,4.6,4.4,4.4,
2025-12-18,claims,2025-12-13,224.0,236.0,237.0,
2025-12-18,cpi_yy,2025-11-01,2.7,3.0,3.0,
2025-12-24,claims,2025-12-20,214.0,224.0,224.0,
2025-12-31,claims,2025-12-27,199.0,214.0,215.0,
2026-01-08,claims,2026-01-03,208.0,199.0,200.0,
2026-01-09,ahe_mm,2025-12-01,0.3,0.1,0.2,
2026-01-09,nfp,2025-12-01,50,64,56,-76
2026-01-09,unrate,2025-12-01,4.4,4.6,4.5,
2026-01-13,core_cpi_mm,2025-12-01,0.2,,,
2026-01-13,cpi_mm,2025-12-01,0.3,,,
2026-01-13,cpi_yy,2025-12-01,2.7,2.7,2.7,
2026-01-14,core_ppi_mm,2025-11-01,0.0,,0.3,
2026-01-14,ppi_mm,2025-11-01,0.2,,0.1,
2026-01-15,claims,2026-01-10,198.0,208.0,207.0,
2026-01-22,claims,2026-01-17,200.0,198.0,199.0,
2026-01-22,core_pce_mm,2025-11-01,0.2,,0.2,
2026-01-29,claims,2026-01-24,209.0,200.0,210.0,
2026-01-30,core_ppi_mm,2025-12-01,0.7,0.0,0.0,
2026-01-30,ppi_mm,2025-12-01,0.5,0.2,0.2,
2026-02-05,claims,2026-01-31,231.0,209.0,209.0,
2026-02-11,ahe_mm,2026-01-01,0.4,0.3,0.1,
2026-02-11,nfp,2026-01-01,130,50,48,-17
2026-02-11,unrate,2026-01-01,4.3,4.4,4.4,
2026-02-12,claims,2026-02-07,227.0,231.0,232.0,
2026-02-13,core_cpi_mm,2026-01-01,0.3,0.2,0.2,
2026-02-13,cpi_mm,2026-01-01,0.2,0.3,0.3,
2026-02-13,cpi_yy,2026-01-01,2.4,2.7,2.7,
2026-02-19,claims,2026-02-14,206.0,227.0,229.0,
2026-02-20,core_pce_mm,2025-12-01,0.4,0.2,0.2,
2026-02-26,claims,2026-02-21,212.0,206.0,208.0,
2026-02-27,core_ppi_mm,2026-01-01,0.8,0.7,0.6,
2026-02-27,ppi_mm,2026-01-01,0.5,0.5,0.4,
2026-03-05,claims,2026-02-28,213.0,212.0,213.0,
2026-03-06,ahe_mm,2026-02-01,0.4,0.4,0.4,
2026-03-06,nfp,2026-02-01,-92,130,126,-69
2026-03-06,unrate,2026-02-01,4.4,4.3,4.3,
2026-03-11,core_cpi_mm,2026-02-01,0.2,0.3,0.3,
2026-03-11,cpi_mm,2026-02-01,0.3,0.2,0.2,
2026-03-11,cpi_yy,2026-02-01,2.4,2.4,2.4,
2026-03-12,claims,2026-03-07,213.0,213.0,214.0,
2026-03-13,core_pce_mm,2026-01-01,0.4,0.4,0.4,
2026-03-18,core_ppi_mm,2026-02-01,0.5,0.8,0.8,
2026-03-18,ppi_mm,2026-02-01,0.7,0.5,0.5,
2026-03-19,claims,2026-03-14,205.0,213.0,213.0,
2026-03-26,claims,2026-03-21,210.0,205.0,205.0,
2026-04-02,claims,2026-03-28,202.0,210.0,211.0,
2026-04-03,ahe_mm,2026-03-01,0.2,0.4,0.4,
2026-04-03,nfp,2026-03-01,178,-92,-133,-7
2026-04-03,unrate,2026-03-01,4.3,4.4,4.4,
2026-04-09,claims,2026-04-04,219.0,202.0,203.0,
2026-04-09,core_pce_mm,2026-02-01,0.4,0.4,0.4,
2026-04-10,core_cpi_mm,2026-03-01,0.2,0.2,0.2,
2026-04-10,cpi_mm,2026-03-01,0.9,0.3,0.3,
2026-04-10,cpi_yy,2026-03-01,3.3,2.4,2.4,
2026-04-14,core_ppi_mm,2026-03-01,0.1,0.5,0.3,
2026-04-14,ppi_mm,2026-03-01,0.5,0.7,0.5,
2026-04-16,claims,2026-04-11,207.0,219.0,218.0,
2026-04-23,claims,2026-04-18,214.0,207.0,208.0,
2026-04-30,claims,2026-04-25,189.0,214.0,215.0,
2026-04-30,core_pce_mm,2026-03-01,0.3,0.4,0.4,
2026-05-07,claims,2026-05-02,200.0,189.0,190.0,
2026-05-08,ahe_mm,2026-04-01,0.2,0.2,0.2,
2026-05-08,nfp,2026-04-01,115,178,185,-16
2026-05-08,unrate,2026-04-01,4.3,4.3,4.3,
2026-05-12,core_cpi_mm,2026-04-01,0.4,0.2,0.2,
2026-05-12,cpi_mm,2026-04-01,0.6,0.9,0.9,
2026-05-12,cpi_yy,2026-04-01,3.8,3.3,3.3,
2026-05-13,core_ppi_mm,2026-04-01,1.0,0.1,0.2,
2026-05-13,ppi_mm,2026-04-01,1.4,0.5,0.7,
2026-05-14,claims,2026-05-09,211.0,200.0,199.0,
2026-05-21,claims,2026-05-16,209.0,211.0,212.0,
2026-05-28,claims,2026-05-23,215.0,209.0,210.0,
2026-05-28,core_pce_mm,2026-04-01,0.2,0.3,0.3,
2026-06-04,claims,2026-05-30,225.0,215.0,212.0,
2026-06-05,ahe_mm,2026-05-01,0.3,0.2,0.2,
2026-06-05,nfp,2026-05-01,172,115,179,93
2026-06-05,unrate,2026-05-01,4.3,4.3,4.3,
2026-06-10,core_cpi_mm,2026-05-01,0.2,0.4,0.4,
2026-06-10,cpi_mm,2026-05-01,0.5,0.6,0.6,
2026-06-10,cpi_yy,2026-05-01,4.2,3.8,3.8,
2026-06-11,claims,2026-06-06,229.0,225.0,225.0,
2026-06-11,core_ppi_mm,2026-05-01,0.4,1.0,0.7,
2026-06-11,ppi_mm,2026-05-01,1.1,1.4,1.1,
2026-06-18,claims,2026-06-13,226.0,229.0,230.0,
2026-06-25,claims,2026-06-20,215.0,226.0,227.0,
2026-06-25,core_pce_mm,2026-05-01,0.3,0.2,0.3,
2026-07-02,ahe_mm,2026-06-01,0.3,0.3,0.3,
2026-07-02,claims,2026-06-27,215.0,215.0,216.0,
2026-07-02,nfp,2026-06-01,57,172,129,-74
2026-07-02,unrate,2026-06-01,4.2,4.3,4.3,
2026-07-09,claims,2026-07-04,215.0,215.0,217.0,
2026-07-14,core_cpi_mm,2026-06-01,0.0,0.2,0.2,
2026-07-14,cpi_mm,2026-06-01,-0.4,0.5,0.5,
2026-07-14,cpi_yy,2026-06-01,3.5,4.2,4.2,
2026-07-15,core_ppi_mm,2026-06-01,0.2,0.4,0.1,
2026-07-15,ppi_mm,2026-06-01,-0.3,1.1,0.6,
2026-07-16,claims,2026-07-11,208.0,215.0,216.0,
2026-07-23,claims,2026-07-18,187.0,208.0,209.0,
2026-07-30,claims,2026-07-25,197.0,187.0,188.0,
2026-07-30,core_pce_mm,2026-06-01,0.1,0.3,0.3,
2026-08-06,claims,2026-08-01,199.0,197.0,198.0,
2026-08-07,ahe_mm,2026-07-01,0.1,0.3,0.3,
2026-08-07,nfp,2026-07-01,-23,57,20,-103
2026-08-07,unrate,2026-07-01,4.1,4.2,4.2,
2026-08-12,core_cpi_mm,2026-07-01,0.2,0.0,0.0,
2026-08-12,cpi_mm,2026-07-01,0.1,-0.4,-0.4,
2026-08-12,cpi_yy,2026-07-01,3.4,3.5,3.5,
2026-08-13,claims,2026-08-08,209.0,199.0,200.0,
2026-08-13,core_ppi_mm,2026-07-01,0.2,0.2,0.4,
2026-08-13,ppi_mm,2026-07-01,0.0,-0.3,-0.1,
2026-08-20,claims,2026-08-15,206.0,209.0,212.0,
2026-08-26,core_pce_mm,2026-07-01,0.2,0.1,0.1,
2026-08-27,claims,2026-08-22,203.0,206.0,207.0,
2026-09-03,claims,2026-08-29,206.0,203.0,204.0,
2026-09-04,ahe_mm,2026-08-01,0.3,0.1,0.2,
2026-09-04,nfp,2026-08-01,162,-23,21,55
2026-09-04,unrate,2026-08-01,4.1,4.1,4.1,
2026-09-10,claims,2026-09-05,206.0,206.0,207.0,
2026-09-10,core_ppi_mm,2026-08-01,0.2,0.2,0.3,
2026-09-10,ppi_mm,2026-08-01,0.4,0.0,0.1,
2026-09-11,core_cpi_mm,2026-08-01,0.3,0.2,0.2,
2026-09-11,cpi_mm,2026-08-01,0.4,0.1,0.1,
2026-09-11,cpi_yy,2026-08-01,3.4,3.4,3.4,
2026-09-17,claims,2026-09-12,196.0,206.0,206.0,
2026-09-24,claims,2026-09-19,197.0,196.0,198.0,
2026-09-30,core_pce_mm,2026-08-01,0.2,0.2,0.1,
2026-10-01,claims,2026-09-26,197.0,197.0,198.0,
2026-10-02,ahe_mm,2026-09-01,0.1,0.3,0.3,
2026-10-02,nfp,2026-09-01,29,162,133,-60
2026-10-02,unrate,2026-09-01,4.2,4.1,4.1,
